tiff,anyScriptOrigin,validate,jpg,png,onload,pdf,dpi,resolution,quality,indexed,time
0,1,1,1,0,1,0,100,8294400,0.9,8,4.84
0,0,0,0,0,1,1,100,307200,0.1,2,5.41
0,1,0,0,0,0,1,400,307200,0.1,1,5.19
0,1,1,0,0,0,1,400,307200,0.1,1,5.73
0,1,1,1,0,1,0,50,8294400,0.9,8,4.85
0,0,0,0,0,1,1,400,307200,0.1,1,5.6
0,1,1,0,1,0,0,200,307200,0.1,1,4.42
0,1,1,1,0,0,0,50,2073600,0.1,1,4.38
0,1,0,0,0,0,1,400,307200,0.1,8,5.31
1,1,1,0,0,1,0,400,2073600,0.1,8,4.87
0,1,1,1,0,1,0,50,2073600,0.9,8,4.76
1,1,1,0,0,0,0,200,307200,0.1,1,3.93
0,0,0,0,1,0,0,400,8294400,0.1,2,5.64
0,1,1,1,0,1,0,100,2073600,0.9,8,4.36
1,1,1,0,0,1,0,400,2073600,0.1,4,4.83
0,1,1,1,0,1,0,400,2073600,0.9,8,5.09
0,0,0,0,0,1,1,400,307200,0.1,8,5.9
0,1,1,0,1,1,0,400,2073600,0.1,8,5.44
0,0,0,0,1,0,0,50,8294400,0.1,1,5.34
1,0,0,0,0,0,0,50,8294400,0.1,1,4.12
0,0,0,0,1,0,0,50,2073600,0.1,1,3.91
0,1,1,1,0,1,0,50,307200,0.9,8,4.44
1,0,0,0,0,0,0,50,2073600,0.1,1,3.67
1,1,1,0,0,0,0,400,307200,0.1,1,4.13
0,1,0,0,0,0,1,200,307200,0.1,8,5.55
0,1,1,1,0,1,0,100,307200,0.9,8,4.58
0,0,0,0,1,0,0,100,2073600,0.1,1,4.03
0,1,1,1,0,1,0,200,2073600,0.9,8,4.87
0,1,1,0,1,0,0,400,307200,0.1,1,4.37
0,1,1,0,0,0,1,50,307200,0.1,1,6.14
0,1,1,0,0,0,1,100,307200,0.1,1,6.09
1,0,0,0,0,0,0,100,2073600,0.1,1,3.69
0,1,1,1,0,1,0,200,8294400,0.9,8,5.12
0,1,1,1,0,1,0,400,8294400,0.9,8,5.12
0,1,1,0,1,1,0,400,2073600,0.1,4,5.37
0,1,1,0,0,1,1,50,2073600,0.1,8,6.39
0,0,0,0,0,1,1,200,307200,0.1,8,5.77
0,1,1,0,1,0,0,50,307200,0.1,1,4.34
0,1,0,0,0,0,1,100,307200,0.1,8,5.72
0,0,0,0,0,1,1,100,307200,0.1,8,5.81
1,1,1,0,0,0,0,50,307200,0.1,1,3.76
0,0,1,0,0,0,1,200,307200,0.1,8,6.25
1,1,1,0,0,0,0,100,307200,0.1,1,4.29
0,1,1,1,0,1,0,400,8294400,0.1,8,5.1
0,1,1,0,0,1,1,50,2073600,0.1,4,6.49
0,1,1,0,1,0,0,100,307200,0.1,1,4.54
0,1,1,0,0,1,1,200,2073600,0.1,8,6.63
0,0,1,0,1,1,0,400,307200,0.1,1,4.69
0,0,0,0,1,0,0,100,8294400,0.1,1,5.32
1,0,0,0,0,0,0,100,8294400,0.1,1,4.13
0,1,1,0,0,1,1,200,2073600,0.1,4,6.67
0,0,0,0,0,0,1,100,8294400,0.1,1,5.44
1,0,1,0,0,1,0,400,307200,0.1,1,4.46
0,1,1,1,0,1,0,200,8294400,0.1,8,5.34
0,0,1,0,0,0,1,100,307200,0.1,8,6.12
0,1,1,1,0,1,0,400,2073600,0.1,8,4.59
0,1,0,0,0,0,1,200,307200,0.1,4,5.12
0,1,1,1,0,1,0,200,2073600,0.1,8,4.76
0,1,1,1,0,1,0,50,307200,0.1,8,4.72
0,0,0,0,0,0,1,100,2073600,0.1,1,5.59
1,0,0,0,0,0,0,100,307200,0.1,1,3.21
0,0,1,0,0,0,1,200,307200,0.1,4,6.26
0,0,0,0,0,1,1,200,307200,0.1,4,5.71
0,1,0,0,0,0,1,200,307200,0.1,1,5.56
0,1,1,1,0,1,0,100,307200,0.1,8,4.57
0,1,1,0,0,1,1,400,307200,0.1,8,6.17
0,0,1,0,0,0,1,200,307200,0.1,1,6.12
0,1,1,0,0,1,1,400,307200,0.1,4,6.4
0,0,1,0,0,1,1,400,307200,0.1,1,6.6
0,0,1,0,1,1,0,50,307200,0.1,1,4.57
0,0,0,0,1,0,0,100,307200,0.1,1,3.76
1,1,1,0,0,1,0,50,307200,0.1,8,4.44
1,0,1,0,0,1,0,50,307200,0.1,1,4.57
1,0,0,0,0,0,0,50,307200,0.1,1,3.53
0,0,1,0,0,1,1,50,307200,0.1,1,6.74
1,0,1,0,0,1,0,100,307200,0.1,1,4.31
0,0,0,0,0,1,1,200,307200,0.1,1,5.85
0,1,0,0,0,0,1,100,307200,0.1,4,5.44
0,0,1,0,0,0,1,100,307200,0.1,4,6.28
0,1,1,1,0,1,0,400,307200,0.1,8,4.58
1,1,1,0,0,1,0,50,307200,0.1,4,4.39
0,0,0,0,0,1,1,100,307200,0.1,4,6.0
0,1,0,0,0,0,1,100,307200,0.1,1,5.63
0,1,1,0,1,1,0,50,307200,0.1,8,4.65
0,0,1,0,0,0,1,100,307200,0.1,1,6.22
0,1,1,1,0,1,0,200,307200,0.1,8,4.62
0,1,1,0,1,1,0,50,307200,0.1,4,4.81
0,0,1,0,1,1,0,100,307200,0.1,1,4.69
1,1,1,0,0,1,0,200,307200,0.1,8,4.44
0,0,0,0,0,1,1,100,307200,0.1,1,6.06
0,0,1,0,0,1,1,100,307200,0.1,1,6.64
0,0,1,1,0,0,0,400,307200,0.9,1,4.27
0,0,1,1,0,0,0,400,307200,0.9,4,4.26
0,1,0,0,1,0,0,100,307200,0.1,8,4.02
0,0,1,1,0,0,0,400,307200,0.9,2,4.25
0,1,1,1,0,1,0,400,307200,0.9,8,4.55
0,0,0,1,0,1,0,400,307200,0.9,4,3.79
1,1,1,0,0,1,0,200,307200,0.1,4,4.56
0,1,1,0,1,1,0,200,307200,0.1,8,4.64
0,1,1,0,1,1,0,200,307200,0.1,4,4.71
0,1,0,0,1,0,0,100,307200,0.1,4,3.81
0,0,0,0,1,0,0,50,307200,0.1,1,3.6
0,1,0,1,0,0,0,400,307200,0.9,4,3.52
0,1,1,0,1,1,0,400,8294400,0.1,4,6.76
0,1,1,0,1,1,0,400,8294400,0.1,8,6.37
1,0,0,0,0,0,0,400,307200,0.1,1,3.59
0,0,1,0,1,0,0,100,307200,0.1,8,4.51
0,0,0,0,1,0,0,400,307200,0.1,1,3.68
0,0,0,0,0,0,1,400,307200,0.1,1,5.63
0,1,1,0,1,1,0,400,307200,0.1,1,4.66
0,0,1,0,1,0,0,100,307200,0.1,4,4.39
0,0,0,0,0,0,1,50,307200,0.1,1,5.5
0,0,0,0,0,0,1,100,307200,0.1,1,5.54
1,0,0,0,0,0,0,400,307200,0.1,4,3.38
0,1,1,1,0,1,0,200,307200,0.9,8,5.06
0,0,0,0,1,1,0,100,307200,0.1,8,4.11
0,1,1,1,0,1,0,100,2073600,0.1,8,4.76
0,0,0,0,1,1,0,100,307200,0.1,4,4.04
0,0,0,0,1,1,0,200,307200,0.1,8,4.02
0,0,0,0,1,0,0,400,307200,0.1,4,3.76
0,1,1,1,0,1,0,100,2073600,0.9,4,4.74
1,0,0,0,0,1,0,200,307200,0.1,8,3.88
1,0,0,0,0,0,0,50,307200,0.1,4,3.5
0,0,0,1,0,0,0,200,307200,0.9,8,3.64
0,1,1,1,0,1,0,100,2073600,0.1,4,4.67
0,1,1,1,0,1,0,100,2073600,0.9,1,5.04
0,0,0,0,1,0,0,50,307200,0.1,4,3.55
1,1,1,0,0,1,0,400,307200,0.1,1,4.55
1,0,0,0,0,0,0,100,307200,0.1,4,3.5
0,0,0,1,0,0,0,200,307200,0.1,8,3.64
0,0,0,0,0,1,1,200,2073600,0.1,8,5.81
0,0,0,0,1,1,0,200,2073600,0.1,8,4.59
0,1,1,1,0,1,0,50,2073600,0.9,1,4.59
0,0,0,1,0,1,0,400,307200,0.9,1,3.87
0,1,0,1,0,0,0,400,307200,0.9,1,3.26
0,1,1,0,1,1,0,50,8294400,0.1,1,5.91
0,0,0,1,0,1,0,400,307200,0.9,2,3.94
1,0,0,0,0,1,0,200,2073600,0.1,8,4.17
0,0,0,1,0,0,0,200,2073600,0.9,8,3.75
0,0,0,0,1,0,0,100,307200,0.1,4,3.49
1,1,1,0,0,1,0,50,8294400,0.1,1,5.18
0,1,1,0,0,1,1,50,307200,0.1,1,6.65
0,1,1,0,0,1,1,400,8294400,0.1,1,6.64
1,1,1,0,0,1,0,400,307200,0.1,4,4.42
0,0,0,1,0,0,0,200,2073600,0.1,8,3.66
0,1,0,0,1,0,0,200,307200,0.1,8,3.74
1,1,0,0,0,0,0,200,307200,0.1,8,3.67
0,1,1,1,0,1,0,50,2073600,0.1,1,4.72
0,1,0,1,0,0,0,400,307200,0.9,2,3.66
0,0,0,1,0,1,0,400,8294400,0.9,4,4.45
0,1,0,0,1,0,0,200,2073600,0.1,8,4.17
1,1,1,0,0,1,0,400,307200,0.1,8,4.49
1,1,0,0,0,0,0,200,2073600,0.1,8,3.75
0,1,1,0,0,1,1,400,8294400,0.1,4,6.56
1,0,0,0,0,0,0,50,307200,0.1,2,3.5
0,1,1,0,0,1,1,400,8294400,0.1,8,6.37
0,1,1,0,1,1,0,400,307200,0.1,4,4.6
0,1,1,0,1,1,0,400,307200,0.1,8,4.84
0,1,1,1,0,1,0,100,2073600,0.1,1,4.96
0,1,1,0,0,1,1,100,307200,0.1,4,6.54
0,1,1,0,0,1,1,100,307200,0.1,8,6.58
0,0,0,0,1,0,0,50,307200,0.1,2,3.44
0,0,0,1,0,1,0,400,8294400,0.9,1,4.73
0,0,0,1,0,1,0,400,8294400,0.9,2,4.35
1,0,0,0,0,0,0,400,307200,0.1,2,3.57
0,0,0,0,1,0,0,400,307200,0.1,2,3.61
0,1,0,0,0,0,1,200,2073600,0.1,8,5.41
0,1,1,0,0,1,1,100,307200,0.1,1,6.52
0,1,1,0,0,1,1,400,2073600,0.1,1,6.69
0,1,1,1,0,1,0,50,8294400,0.9,1,5.27
0,1,1,1,0,1,0,50,8294400,0.1,1,5.25
0,0,0,1,0,1,0,400,2073600,0.9,4,4.06
1,1,1,0,0,1,0,100,8294400,0.1,1,5.44
0,1,1,0,1,1,0,100,8294400,0.1,1,6.36
0,1,1,1,0,1,0,50,8294400,0.9,2,5.08
0,1,1,1,0,1,0,50,8294400,0.1,2,5.31
0,1,1,1,0,0,0,100,8294400,0.9,1,4.97
0,0,0,0,0,1,1,200,2073600,0.1,4,5.65
0,1,1,1,0,1,0,50,8294400,0.9,4,5.26
1,0,0,0,0,0,0,100,307200,0.1,2,3.47
0,1,1,1,0,1,0,50,8294400,0.1,4,5.21
0,0,0,1,0,1,0,50,307200,0.9,4,3.88
0,1,1,1,0,1,0,100,8294400,0.9,1,4.76
0,0,0,0,1,0,0,100,307200,0.1,2,3.65
0,1,1,1,0,1,0,100,8294400,0.1,1,5.25
1,0,0,0,0,0,0,400,307200,0.1,8,3.43
0,0,0,0,1,1,0,200,2073600,0.1,4,4.52
0,0,0,0,1,0,0,400,307200,0.1,8,3.71
0,0,1,1,0,0,0,50,307200,0.9,4,3.9
1,0,0,0,0,1,0,200,2073600,0.1,4,4.02
1,0,0,0,0,0,0,50,307200,0.1,8,3.64
0,1,0,1,0,1,0,100,8294400,0.9,1,4.41
0,1,1,1,0,1,0,100,8294400,0.9,2,5.13
0,0,0,1,0,1,0,50,307200,0.1,4,3.68
0,0,0,0,1,1,0,200,307200,0.1,4,3.91
0,1,1,1,0,0,0,100,8294400,0.9,4,4.74
0,0,0,0,1,0,0,50,307200,0.1,8,3.65
0,1,1,1,0,0,0,100,8294400,0.9,8,4.68
1,0,0,0,0,1,0,200,307200,0.1,4,3.5
0,1,1,1,0,1,0,100,8294400,0.1,2,5.06
0,1,1,1,0,1,0,100,8294400,0.9,4,5.1
0,0,0,1,0,1,0,400,307200,0.1,4,3.88
0,1,1,1,0,1,0,100,8294400,0.1,4,5.13
0,0,0,0,0,0,1,400,307200,0.1,8,5.48
1,1,1,0,0,1,0,100,8294400,0.1,4,5.38
0,0,0,0,0,0,1,50,307200,0.1,8,5.34
0,0,0,1,0,0,0,200,2073600,0.9,4,3.83
1,1,1,0,0,1,0,100,8294400,0.1,8,5.05
0,0,1,1,0,0,0,400,307200,0.1,4,4.3
0,0,1,1,0,0,0,50,307200,0.1,4,4.18
0,0,0,1,0,0,0,200,2073600,0.1,4,3.75
0,0,0,1,0,0,0,200,307200,0.9,4,3.36
0,1,1,1,0,1,0,400,8294400,0.9,1,5.05
0,0,0,1,0,0,0,200,307200,0.1,4,3.45
0,0,1,0,1,1,0,400,307200,0.1,4,4.46
0,1,1,1,0,1,0,200,8294400,0.9,1,5.06
0,1,1,1,0,1,0,200,8294400,0.9,4,5.24
1,0,1,0,0,1,0,400,307200,0.1,4,4.4
0,1,1,0,1,1,0,100,8294400,0.1,4,6.91
0,1,0,0,0,0,1,200,2073600,0.1,4,5.54
0,1,1,1,0,1,0,200,2073600,0.9,4,4.41
0,0,1,0,0,1,1,400,307200,0.1,4,6.63
0,1,1,1,0,1,0,400,2073600,0.9,4,4.73
1,0,0,0,0,0,0,100,307200,0.1,8,3.34
0,0,0,0,1,0,0,100,307200,0.1,8,3.74
0,0,0,0,0,0,1,100,307200,0.1,8,5.31
0,0,0,0,0,0,1,400,307200,0.1,4,5.4
0,1,1,1,0,1,0,400,2073600,0.1,4,4.74
0,1,1,1,0,1,0,100,307200,0.1,4,4.07
0,0,1,0,1,1,0,50,307200,0.1,4,4.87
1,0,0,0,0,0,0,400,8294400,0.1,4,4.08
1,0,1,0,0,1,0,50,307200,0.1,4,4.66
0,1,1,1,0,1,0,400,307200,0.1,4,4.57
0,1,1,0,1,1,0,100,8294400,0.1,8,6.85
0,1,1,1,0,1,0,400,307200,0.9,4,4.41
0,0,0,0,1,0,0,400,8294400,0.1,4,5.57
0,1,1,1,0,1,0,200,307200,0.9,4,4.6
1,0,0,0,0,0,0,50,8294400,0.1,4,3.93
0,0,1,0,0,0,1,200,2073600,0.1,8,5.94
0,0,1,0,0,1,1,50,307200,0.1,4,6.57
0,1,0,1,0,1,0,100,8294400,0.9,4,4.42
0,0,1,0,0,0,1,200,2073600,0.1,4,6.05
0,0,0,0,1,0,0,50,8294400,0.1,4,6.03
0,1,1,1,0,1,0,200,307200,0.1,4,4.57
1,0,0,0,0,0,0,400,8294400,0.1,1,4.34
0,0,0,1,0,1,0,50,8294400,0.9,4,4.48
0,0,0,1,0,1,0,400,8294400,0.1,4,4.41
0,0,0,0,0,1,1,50,307200,0.1,8,5.47
0,0,0,1,0,1,0,50,8294400,0.1,4,4.53
0,1,1,1,0,1,0,400,307200,0.9,1,4.55
0,0,0,0,0,1,1,400,2073600,0.1,8,5.95
0,1,1,1,0,1,0,400,307200,0.1,1,4.12
0,1,1,1,0,1,0,200,307200,0.1,1,4.66
0,1,1,1,0,1,0,200,307200,0.9,1,4.56
0,1,1,1,0,1,0,50,2073600,0.1,4,4.43
0,0,0,0,0,1,1,50,2073600,0.1,8,5.8
0,1,1,1,0,1,0,50,2073600,0.9,4,4.94
0,0,0,0,0,1,1,100,2073600,0.1,8,5.68
0,0,0,0,1,1,0,400,307200,0.1,8,3.71
0,0,1,0,1,1,0,400,8294400,0.1,4,6.72
0,1,0,1,0,1,0,100,8294400,0.9,8,4.31
1,0,0,0,0,1,0,400,307200,0.1,8,3.69
0,1,1,1,0,1,0,50,2073600,0.1,8,4.72
0,0,0,0,1,1,0,50,307200,0.1,8,3.97
1,0,0,0,0,1,0,50,307200,0.1,8,4.01
0,0,1,1,0,1,0,100,8294400,0.9,1,4.86
0,0,0,0,1,0,0,400,8294400,0.1,1,5.25
1,0,1,0,0,1,0,400,8294400,0.1,4,5.18
1,0,0,0,0,0,0,100,8294400,0.1,4,4.3
0,1,1,1,0,1,0,50,8294400,0.1,8,5.05
1,0,0,0,0,1,0,100,307200,0.1,8,3.8
0,1,1,1,0,1,0,100,8294400,0.1,8,5.17
0,0,1,1,0,0,0,400,8294400,0.9,4,4.76
0,0,0,0,1,0,0,100,8294400,0.1,4,6.27
0,0,1,0,0,1,1,400,8294400,0.1,4,6.76
1,0,0,0,0,0,0,400,2073600,0.1,4,3.73
0,0,1,1,0,1,0,100,8294400,0.9,2,5.11
0,0,0,0,1,0,0,400,2073600,0.1,4,4.27
0,1,1,1,0,1,0,50,2073600,0.9,2,4.78
0,0,1,0,1,1,0,50,8294400,0.1,4,6.69
1,1,1,0,0,1,0,100,8294400,0.1,2,5.1
1,0,1,0,0,1,0,50,8294400,0.1,4,5.17
0,0,0,0,1,1,0,400,2073600,0.1,8,4.28
1,0,0,0,0,0,0,50,2073600,0.1,4,3.43
0,0,0,0,1,0,0,50,2073600,0.1,4,4.1
1,0,0,0,0,0,0,400,2073600,0.1,1,3.72
0,0,1,1,0,0,0,50,8294400,0.9,4,4.27
1,0,0,0,0,1,0,400,2073600,0.1,8,3.79
0,1,1,1,0,1,0,50,2073600,0.1,2,4.56
0,0,0,0,1,0,0,400,2073600,0.1,1,4.18
0,0,0,0,1,1,0,50,2073600,0.1,8,4.74
0,1,1,0,1,1,0,100,8294400,0.1,2,7.22
0,1,1,1,0,0,0,100,8294400,0.9,2,4.82
1,0,0,0,0,1,0,50,2073600,0.1,8,4.12
0,0,1,0,0,1,1,50,8294400,0.1,4,6.57
0,1,0,1,0,1,0,100,8294400,0.9,2,4.32
0,1,1,1,0,1,0,100,2073600,0.9,2,4.58
0,1,1,1,0,1,0,100,2073600,0.1,2,4.31
0,1,1,1,0,0,0,100,8294400,0.1,2,4.78
0,1,1,1,0,1,0,400,307200,0.9,2,4.49
1,0,0,0,0,0,0,100,2073600,0.1,4,3.57
0,0,0,0,1,0,0,100,2073600,0.1,4,4.45
0,1,1,1,0,1,0,400,307200,0.1,2,4.25
0,1,1,1,0,1,0,200,307200,0.9,2,4.59
1,0,0,0,0,0,0,400,8294400,0.1,2,3.89
1,0,0,0,0,0,0,50,8294400,0.1,2,3.72
0,0,0,0,1,0,0,50,8294400,0.1,2,5.73
0,0,1,1,0,0,0,400,8294400,0.1,4,4.77
0,1,1,1,0,1,0,200,307200,0.1,2,4.11
0,0,1,1,0,0,0,50,8294400,0.1,4,4.8
0,0,0,1,0,1,0,50,2073600,0.9,4,4.17
0,0,0,0,1,1,0,100,2073600,0.1,8,4.41
0,1,0,1,0,1,0,100,8294400,0.1,2,4.61
0,0,1,1,0,1,0,100,8294400,0.1,2,5.25
0,1,1,1,0,1,0,400,2073600,0.1,1,4.35
0,1,1,1,0,1,0,400,2073600,0.9,1,4.85
0,0,1,1,0,1,0,400,8294400,0.1,2,5.27
1,0,0,0,0,1,0,100,2073600,0.1,8,4.13
0,0,1,1,0,1,0,400,307200,0.1,2,4.43
0,0,0,1,0,0,0,400,307200,0.9,8,3.26
0,0,1,1,0,1,0,400,307200,0.9,2,4.48
0,0,0,1,0,1,0,400,2073600,0.1,4,4.0
1,0,0,0,0,0,0,100,8294400,0.1,2,4.4
0,0,0,1,0,0,0,400,307200,0.1,8,3.51
0,1,1,1,0,1,0,50,307200,0.1,4,4.51
0,1,1,1,0,1,0,100,307200,0.9,4,4.39
0,1,1,1,0,1,0,50,307200,0.9,4,4.77
0,0,0,1,0,0,0,50,307200,0.9,8,3.41
0,0,1,1,0,1,0,100,307200,0.9,2,4.51
0,0,0,1,0,0,0,50,307200,0.1,8,3.22
0,0,0,1,0,0,0,100,307200,0.9,8,3.58
0,0,0,1,0,1,0,50,2073600,0.1,4,3.88
0,0,1,1,0,1,0,400,8294400,0.9,2,4.95
0,0,1,0,1,1,0,400,2073600,0.1,4,5.19
0,0,0,1,0,0,0,100,307200,0.1,8,3.18
0,0,0,1,0,0,0,400,2073600,0.9,8,3.67
0,0,0,1,0,0,0,400,2073600,0.1,8,3.69
0,0,1,1,0,1,0,400,2073600,0.9,2,4.78
0,1,1,1,0,1,0,100,307200,0.1,1,4.52
0,0,0,1,0,0,0,50,2073600,0.9,8,3.71
0,0,0,0,1,0,0,100,8294400,0.1,2,5.61
0,1,1,1,0,1,0,50,307200,0.1,1,4.58
0,0,1,1,0,1,0,400,2073600,0.1,2,4.79
0,0,1,1,0,1,0,400,2073600,0.9,4,5.02
0,1,1,1,0,1,0,100,307200,0.9,1,4.54
0,1,1,1,0,1,0,50,307200,0.9,1,4.57
0,1,1,1,0,1,0,200,2073600,0.1,1,4.97
0,0,0,1,0,0,0,50,2073600,0.1,8,3.78
1,0,1,0,0,1,0,400,2073600,0.1,4,4.82
1,0,0,0,0,0,0,400,2073600,0.1,2,3.78
1,0,0,0,0,0,0,50,2073600,0.1,8,3.72
0,0,1,1,0,0,0,400,2073600,0.9,4,4.61
0,0,0,0,1,0,0,50,2073600,0.1,8,4.36
0,1,1,1,0,1,0,200,2073600,0.9,1,4.37
1,0,0,0,0,0,0,50,2073600,0.1,2,3.85
0,0,0,0,1,0,0,50,2073600,0.1,2,3.95
0,0,0,0,0,0,1,50,2073600,0.1,2,5.45
0,1,0,0,1,0,0,50,307200,0.1,8,3.6
0,0,1,1,0,1,0,400,2073600,0.9,8,4.81
0,0,0,0,0,0,1,50,2073600,0.1,1,5.38
0,0,0,0,0,0,1,50,8294400,0.1,1,5.53
0,0,1,1,0,1,0,400,2073600,0.1,4,4.81
0,1,1,1,0,1,0,200,2073600,0.1,4,4.88
0,1,1,1,0,1,0,400,2073600,0.1,2,4.97
1,1,0,0,0,0,0,50,307200,0.1,8,3.47
0,1,1,1,0,1,0,400,2073600,0.9,2,4.85
0,0,1,1,0,1,0,400,2073600,0.1,8,4.78
0,0,1,1,0,1,0,100,2073600,0.9,4,4.89
0,0,1,1,0,1,0,100,2073600,0.9,8,4.46
0,1,1,1,0,1,0,200,2073600,0.1,2,5.1
0,0,0,0,0,0,1,400,8294400,0.1,1,5.25
0,1,0,0,1,0,0,50,2073600,0.1,8,4.17
0,0,0,0,0,0,1,400,2073600,0.1,1,5.22
1,1,0,0,0,0,0,50,2073600,0.1,8,3.82
0,1,1,1,0,1,0,200,2073600,0.9,2,4.74
0,1,0,0,0,0,1,50,307200,0.1,8,5.44
0,0,1,1,0,1,0,400,307200,0.9,4,4.52
0,1,0,0,0,0,1,50,2073600,0.1,8,5.5
0,0,1,0,0,1,1,400,2073600,0.1,4,6.56
0,1,1,1,0,1,0,100,307200,0.1,2,4.51
0,0,0,1,0,0,0,50,307200,0.9,1,3.62
0,0,1,0,1,1,0,50,2073600,0.1,4,5.38
0,0,0,1,0,0,0,50,307200,0.1,1,3.62
1,0,1,0,0,1,0,50,2073600,0.1,4,4.85
0,0,0,1,0,0,0,400,307200,0.9,1,3.38
0,1,1,1,0,1,0,50,307200,0.1,2,4.57
0,1,1,1,0,1,0,50,307200,0.9,2,4.44
0,0,1,1,0,1,0,400,307200,0.9,8,4.78
0,1,1,1,0,1,0,400,8294400,0.1,4,5.16
0,0,0,0,0,0,1,50,307200,0.1,4,5.37
0,0,1,1,0,1,0,400,307200,0.1,4,4.5
0,0,0,1,0,0,0,400,307200,0.1,1,3.44
0,0,0,0,0,0,1,50,307200,0.1,2,5.45
0,0,0,1,0,0,0,100,307200,0.9,1,3.58
0,1,1,1,0,1,0,400,8294400,0.9,4,5.29
0,0,0,1,0,0,0,100,307200,0.1,1,3.46
0,0,0,1,0,0,0,200,307200,0.9,1,3.55
0,0,1,1,0,0,0,50,2073600,0.9,4,4.41
0,0,1,1,0,1,0,400,307200,0.1,8,4.35
0,1,1,1,0,1,0,400,8294400,0.1,1,5.12
0,0,1,1,0,1,0,100,2073600,0.1,4,4.67
0,1,1,1,0,1,0,200,8294400,0.1,4,5.22
0,0,1,0,0,1,1,50,2073600,0.1,4,6.76
0,0,0,0,0,0,1,400,307200,0.1,2,5.46
0,0,1,1,0,0,0,400,2073600,0.1,4,4.44
0,0,0,0,1,0,0,400,2073600,0.1,2,4.14
0,1,1,1,0,1,0,200,8294400,0.1,1,5.27
0,1,1,1,0,1,0,400,8294400,0.1,2,5.11
0,0,1,1,0,1,0,100,2073600,0.1,8,4.74
0,1,1,1,0,1,0,400,8294400,0.9,2,4.71
0,1,1,1,0,1,0,200,8294400,0.1,2,5.22
0,0,0,1,0,0,0,200,307200,0.1,1,3.44
0,0,0,0,1,0,0,50,8294400,0.1,8,5.48
0,0,0,1,0,0,0,400,2073600,0.9,1,3.69
0,0,1,1,0,0,0,50,2073600,0.1,4,4.51
1,1,1,0,0,1,0,400,307200,0.1,2,4.12
0,1,1,0,1,0,0,400,307200,0.1,4,4.44
0,1,1,0,1,1,0,400,307200,0.1,2,4.5
1,1,1,0,0,0,0,400,307200,0.1,4,4.18
0,0,0,1,0,0,0,400,2073600,0.1,1,3.6
1,0,0,0,0,0,0,50,8294400,0.1,8,3.91
0,1,1,1,0,1,0,200,8294400,0.9,2,5.1
0,1,1,0,0,1,1,400,2073600,0.1,2,6.7
0,1,1,0,0,0,1,400,307200,0.1,4,6.1
1,1,1,0,0,1,0,400,2073600,0.1,2,4.86
0,0,0,0,0,0,1,400,8294400,0.1,8,5.4
0,0,0,1,0,0,0,100,2073600,0.9,1,3.66
0,1,1,0,1,1,0,400,2073600,0.1,2,4.99
0,1,1,0,0,1,1,400,307200,0.1,2,6.59
0,0,0,1,0,0,0,100,2073600,0.1,1,3.73
0,1,1,0,1,0,0,50,307200,0.1,4,4.39
0,0,0,0,0,0,1,400,2073600,0.1,8,5.4
0,0,0,0,1,0,0,100,2073600,0.1,8,4.26
0,0,0,1,0,0,0,50,2073600,0.9,1,3.83
1,1,1,0,0,0,0,50,307200,0.1,4,4.21
0,0,0,1,0,0,0,50,2073600,0.1,1,3.35
0,1,1,0,0,1,1,400,8294400,0.1,2,6.28
1,0,0,0,0,0,0,100,2073600,0.1,8,3.66
0,0,0,1,0,0,0,200,2073600,0.9,1,3.78
1,1,1,0,0,1,0,400,8294400,0.1,2,5.29
0,0,0,1,0,0,0,200,2073600,0.1,1,3.92
0,1,1,0,0,0,1,50,307200,0.1,4,6.27
0,0,0,1,0,0,0,100,2073600,0.1,8,3.81
0,0,0,0,1,0,0,100,8294400,0.1,8,5.47
0,1,1,0,1,1,0,400,8294400,0.1,2,6.72
0,0,1,0,1,1,0,200,307200,0.1,4,4.64
0,1,0,1,0,1,0,400,307200,0.9,2,3.77
0,1,1,1,0,0,0,400,307200,0.9,2,4.13
0,0,0,1,0,0,0,100,2073600,0.9,8,3.76
0,0,0,1,0,0,0,50,2073600,0.1,4,3.86
1,0,1,0,0,1,0,200,307200,0.1,4,4.41
0,0,1,1,0,0,0,200,307200,0.9,4,4.22
0,1,0,1,0,1,0,400,307200,0.1,2,3.7
0,1,1,1,0,0,0,400,307200,0.1,2,4.13
0,0,0,1,0,0,0,50,2073600,0.9,4,3.94
1,0,0,0,0,0,0,100,8294400,0.1,8,4.41
0,1,0,1,0,1,0,400,2073600,0.9,2,4.43
0,1,1,1,0,0,0,400,2073600,0.9,2,4.35
0,0,0,0,0,0,1,100,2073600,0.1,8,5.42
0,1,0,1,0,1,0,400,2073600,0.1,2,4.15
0,0,0,0,0,0,1,100,8294400,0.1,8,5.45
0,0,1,0,0,1,1,200,307200,0.1,4,6.52
0,0,0,0,0,0,1,50,2073600,0.1,8,5.43
0,1,1,1,0,0,0,400,2073600,0.1,2,4.55
0,0,1,1,0,0,0,200,307200,0.1,4,4.15
0,1,0,1,0,1,0,400,8294400,0.9,2,4.53
0,0,0,0,0,0,1,50,8294400,0.1,8,5.46
0,1,1,1,0,0,0,400,8294400,0.9,2,4.77
0,0,0,0,1,0,0,400,2073600,0.1,8,4.41
0,1,0,1,0,1,0,400,8294400,0.1,2,4.5
1,0,0,0,0,0,0,400,2073600,0.1,8,3.52
0,0,0,0,1,0,0,400,8294400,0.1,8,5.44
0,0,0,1,0,0,0,400,2073600,0.9,4,3.66
0,1,1,0,1,0,0,200,307200,0.1,4,4.28
0,1,1,1,0,0,0,400,8294400,0.1,2,4.92
1,0,0,0,0,0,0,400,8294400,0.1,8,4.13
0,0,0,0,0,0,1,400,2073600,0.1,4,5.44
1,1,1,0,0,0,0,200,307200,0.1,4,4.18
0,0,0,1,0,0,0,400,2073600,0.1,4,3.81
0,0,0,1,0,0,0,100,2073600,0.9,4,3.74
0,0,0,1,0,0,0,100,2073600,0.1,4,3.78
0,0,0,0,0,0,1,400,2073600,0.1,2,5.18
0,1,1,0,0,0,1,200,307200,0.1,4,6.13
0,0,1,0,1,1,0,100,307200,0.1,4,4.78
1,1,1,0,0,1,0,100,307200,0.1,2,4.49
0,0,0,1,0,0,0,50,8294400,0.9,4,3.74
1,0,1,0,0,1,0,100,307200,0.1,4,4.67
0,0,1,1,0,0,0,100,307200,0.9,4,4.01
0,0,0,0,0,0,1,400,8294400,0.1,4,5.75
0,1,1,0,1,1,0,100,307200,0.1,2,4.66
0,0,1,0,0,1,1,100,307200,0.1,4,6.58
1,1,1,0,0,1,0,100,2073600,0.1,2,4.94
0,0,0,0,0,0,1,400,8294400,0.1,2,5.49
0,0,0,0,0,0,1,50,8294400,0.1,4,5.37
0,0,1,1,0,0,0,100,307200,0.1,4,3.74
0,1,1,0,1,0,0,100,307200,0.1,4,4.21
0,0,0,1,0,0,0,50,8294400,0.1,4,3.91
0,1,1,0,1,1,0,100,2073600,0.1,2,4.95
1,1,1,0,0,0,0,100,307200,0.1,4,4.17
0,0,0,0,0,0,1,50,8294400,0.1,2,5.3
0,1,1,0,0,0,1,100,307200,0.1,4,6.07
0,1,1,0,0,1,1,100,307200,0.1,2,6.77
0,0,0,1,0,0,0,400,8294400,0.9,4,4.2
0,0,0,0,0,0,1,50,2073600,0.1,4,5.24
0,1,1,0,1,0,0,400,8294400,0.1,4,6.47
0,0,0,0,0,0,1,100,8294400,0.1,4,5.35
1,1,1,0,0,0,0,400,8294400,0.1,4,5.09
0,1,0,1,0,1,0,100,307200,0.9,2,3.8
0,1,1,0,0,0,1,400,8294400,0.1,4,6.17
0,1,0,1,0,1,0,100,307200,0.1,2,3.75
0,0,0,1,0,0,0,400,8294400,0.1,4,4.15
0,1,1,0,1,0,0,50,8294400,0.1,4,6.54
1,1,1,0,0,0,0,50,8294400,0.1,4,4.8
0,0,0,0,0,0,1,100,2073600,0.1,4,5.11
0,1,0,1,0,1,0,100,2073600,0.9,2,3.98
0,0,1,1,0,1,0,100,307200,0.9,4,4.51
0,1,1,0,0,0,1,50,8294400,0.1,4,6.06
0,1,1,0,1,0,0,400,2073600,0.1,4,5.04
1,1,1,0,0,0,0,400,2073600,0.1,4,4.46
0,0,0,0,1,0,0,100,2073600,0.1,2,4.47
0,1,0,1,0,1,0,200,307200,0.9,2,3.85
0,0,1,1,0,1,0,400,8294400,0.9,4,5.04
0,1,1,0,0,0,1,400,2073600,0.1,4,6.05
0,1,1,0,1,0,0,50,2073600,0.1,4,5.1
0,0,1,1,0,1,0,400,8294400,0.1,4,4.79
1,0,0,0,0,0,0,100,2073600,0.1,2,3.79
0,0,0,0,0,0,1,100,8294400,0.1,2,5.45
0,0,1,1,0,1,0,100,307200,0.1,4,4.25
1,1,1,0,0,0,0,50,2073600,0.1,4,4.41
0,1,1,0,0,0,1,50,2073600,0.1,4,6.27
0,0,0,1,0,0,0,100,8294400,0.9,4,4.14
0,0,1,0,1,1,0,200,8294400,0.1,4,6.47
1,0,1,0,0,1,0,200,8294400,0.1,4,5.22
0,0,0,0,0,0,1,100,2073600,0.1,2,5.43
0,0,0,1,0,0,0,100,8294400,0.1,4,4.32
0,0,1,1,0,0,0,200,8294400,0.9,4,4.82
0,0,0,0,0,0,1,100,307200,0.1,2,5.48
0,0,1,0,0,1,1,200,8294400,0.1,4,6.38
0,0,1,1,0,0,0,200,8294400,0.1,4,4.66
0,0,1,0,1,1,0,200,2073600,0.1,4,5.35
1,0,1,0,0,1,0,200,2073600,0.1,4,4.81
0,0,1,1,0,1,0,400,8294400,0.9,8,5.25
0,0,0,1,0,0,0,200,8294400,0.9,4,4.07
0,0,0,1,0,0,0,200,8294400,0.1,4,4.09
0,0,1,1,0,0,0,200,2073600,0.9,4,4.23
0,0,1,1,0,1,0,100,307200,0.9,8,4.13
0,0,0,1,0,0,0,400,8294400,0.9,1,4.16
0,0,1,0,0,1,1,200,2073600,0.1,4,6.41
0,0,1,1,0,0,0,200,2073600,0.1,4,4.48
0,1,1,0,1,0,0,200,8294400,0.1,4,6.7
0,0,0,0,0,0,1,100,307200,0.1,4,5.49
0,0,0,1,0,0,0,400,8294400,0.1,1,4.09
0,0,1,1,0,1,0,400,8294400,0.1,8,4.97
1,1,1,0,0,0,0,200,8294400,0.1,4,4.53
0,0,1,1,0,1,0,100,307200,0.1,8,4.47
0,1,0,1,0,1,0,400,8294400,0.9,4,4.29
0,0,0,1,0,0,0,50,8294400,0.9,1,3.73
0,0,0,1,0,0,0,50,8294400,0.1,1,3.72
0,0,0,1,0,0,0,100,8294400,0.9,1,4.11
0,0,0,1,0,0,0,100,8294400,0.1,1,4.11
0,1,0,1,0,1,0,100,307200,0.9,4,3.83
0,0,0,1,0,0,0,200,8294400,0.9,1,3.89
0,1,0,1,0,1,0,400,8294400,0.1,4,4.07
0,1,1,0,0,0,1,200,8294400,0.1,4,6.14
0,0,0,0,1,0,0,200,8294400,0.1,4,5.89
0,1,0,1,0,1,0,100,307200,0.1,4,3.91
1,1,1,0,0,1,0,400,8294400,0.1,4,5.24
1,0,0,0,0,0,0,200,8294400,0.1,4,4.25
0,1,1,0,1,0,0,200,2073600,0.1,4,5.1
1,1,1,0,0,1,0,100,307200,0.1,4,4.11
0,0,0,0,1,0,0,200,2073600,0.1,4,4.04
1,0,0,0,0,0,0,200,2073600,0.1,4,3.47
0,0,0,0,1,0,0,200,8294400,0.1,1,5.09
0,0,0,1,0,0,0,200,8294400,0.1,1,3.77
0,0,0,1,0,0,0,400,8294400,0.9,8,3.88
0,1,1,0,1,1,0,100,307200,0.1,4,4.61
1,0,0,0,0,0,0,200,8294400,0.1,1,4.19
1,1,1,0,0,0,0,200,2073600,0.1,4,4.38
0,0,0,0,1,0,0,200,2073600,0.1,1,3.96
0,0,0,1,0,0,0,400,8294400,0.1,8,3.73
1,0,0,0,0,0,0,200,2073600,0.1,1,3.8
0,0,1,1,0,1,0,100,8294400,0.9,4,5.03
0,0,1,1,0,1,0,100,8294400,0.1,4,4.94
0,1,1,0,0,0,1,200,2073600,0.1,4,6.18
0,0,1,1,0,1,0,100,8294400,0.9,8,4.69
0,0,1,1,0,1,0,100,8294400,0.1,8,5.05
0,0,0,0,0,0,1,200,8294400,0.1,4,5.46
0,0,0,1,0,0,0,50,8294400,0.9,8,4.2
0,1,0,1,0,1,0,400,307200,0.9,4,3.52
0,1,0,1,0,1,0,400,307200,0.1,4,3.56
0,0,0,1,0,0,0,50,8294400,0.1,8,3.81
0,0,1,0,1,1,0,100,8294400,0.1,4,6.87
0,0,0,1,0,0,0,100,8294400,0.9,8,3.96
0,0,0,1,0,0,0,100,8294400,0.1,8,4.15
0,0,0,1,0,0,0,200,8294400,0.9,8,4.34
0,0,0,1,0,0,0,200,8294400,0.1,8,3.78
0,0,0,0,0,0,1,200,2073600,0.1,4,5.25
0,0,0,0,0,0,1,200,8294400,0.1,1,5.39
0,0,0,0,0,1,1,400,8294400,0.1,1,5.68
1,0,1,0,0,1,0,100,8294400,0.1,4,5.04
0,1,0,0,0,0,1,400,8294400,0.1,1,5.52
0,0,1,1,0,0,0,100,8294400,0.9,4,4.43
0,0,1,0,0,1,1,100,8294400,0.1,4,6.19
0,0,0,0,0,0,1,200,2073600,0.1,1,5.11
0,0,0,0,0,1,1,400,8294400,0.1,4,5.5
0,1,0,0,0,0,1,400,8294400,0.1,4,5.42
0,0,0,0,0,0,1,200,8294400,0.1,2,5.13
0,1,0,1,0,1,0,100,8294400,0.1,4,4.33
0,0,1,1,0,0,0,100,8294400,0.1,4,4.81
0,0,0,0,1,1,0,50,8294400,0.1,1,5.77
1,0,0,0,0,1,0,50,8294400,0.1,1,4.33
0,1,1,1,0,0,0,400,307200,0.9,4,4.02
0,0,0,0,0,0,1,200,8294400,0.1,8,5.38
0,1,0,0,1,0,0,50,8294400,0.1,1,5.17
0,0,1,0,1,1,0,100,2073600,0.1,4,5.33
0,0,0,0,0,0,1,200,2073600,0.1,8,5.4
0,1,1,1,0,0,0,400,8294400,0.9,4,4.72
0,1,1,1,0,0,0,100,307200,0.9,4,3.74
1,0,1,0,0,1,0,100,2073600,0.1,4,4.69
0,0,1,1,0,0,0,100,2073600,0.9,4,4.58
0,0,0,0,1,0,0,200,8294400,0.1,8,5.59
0,0,0,0,1,0,0,200,2073600,0.1,8,4.28
1,1,0,0,0,0,0,50,8294400,0.1,1,4.27
1,0,0,0,0,0,0,200,8294400,0.1,8,4.23
0,0,1,0,0,1,1,100,2073600,0.1,4,6.43
1,0,0,0,0,0,0,200,2073600,0.1,8,3.65
0,0,0,0,0,0,1,200,307200,0.1,4,5.37
0,1,1,1,0,0,0,400,307200,0.1,4,4.24
0,1,1,1,0,0,0,400,8294400,0.1,4,4.76
0,0,0,0,1,1,0,50,8294400,0.1,4,5.94
1,0,0,0,0,1,0,50,8294400,0.1,4,4.56
0,0,0,0,1,0,0,200,307200,0.1,4,3.34
0,0,1,1,0,0,0,100,2073600,0.1,4,4.45
0,1,1,0,1,0,0,100,8294400,0.1,4,6.54
1,1,1,0,0,0,0,100,8294400,0.1,4,4.94
0,1,0,0,1,0,0,50,8294400,0.1,4,5.56
0,1,1,1,0,0,0,100,307200,0.1,4,3.86
0,1,1,0,0,0,1,100,8294400,0.1,4,5.84
0,1,1,1,0,0,0,100,8294400,0.1,4,4.33
1,1,0,0,0,0,0,50,8294400,0.1,4,4.17
1,0,0,0,0,0,0,200,307200,0.1,4,3.52
0,0,0,0,1,0,0,200,307200,0.1,1,3.65
0,1,1,0,1,0,0,100,2073600,0.1,4,4.75
1,1,1,0,0,0,0,100,2073600,0.1,4,4.64
0,1,0,1,0,1,0,400,2073600,0.9,4,4.12
0,1,1,1,0,0,0,400,2073600,0.9,4,3.97
1,0,0,0,0,0,0,200,307200,0.1,1,3.6
0,0,0,0,1,0,0,200,307200,0.1,8,3.64
1,0,0,0,0,0,0,200,307200,0.1,8,3.42
0,1,1,0,0,0,1,100,2073600,0.1,4,6.12
0,0,0,0,0,0,1,200,307200,0.1,1,5.5
0,0,0,0,1,1,0,200,8294400,0.1,1,5.63
0,1,0,1,0,1,0,400,2073600,0.1,4,4.05
0,0,0,0,0,0,1,200,307200,0.1,8,5.26
1,0,0,0,0,1,0,200,8294400,0.1,1,4.15
0,0,0,0,1,1,0,400,8294400,0.1,1,5.38
0,1,1,1,0,0,0,400,2073600,0.1,4,4.15
1,1,1,0,0,1,0,100,2073600,0.1,4,4.94
0,0,1,0,1,1,0,400,8294400,0.1,1,6.32
1,0,0,0,0,1,0,400,8294400,0.1,1,4.5
0,1,1,0,1,1,0,100,2073600,0.1,4,5.4
1,0,1,0,0,1,0,400,8294400,0.1,1,5.14
0,1,0,1,0,1,0,100,2073600,0.9,4,4.09
0,1,0,1,0,1,0,100,2073600,0.1,4,3.76
0,0,1,1,0,0,0,400,8294400,0.9,1,4.51
0,0,0,0,1,0,0,200,8294400,0.1,2,5.67
0,0,1,0,0,1,1,400,8294400,0.1,1,6.53
0,0,0,0,0,1,1,50,8294400,0.1,1,5.74
0,1,0,0,1,0,0,400,8294400,0.1,1,5.51
1,0,0,0,0,0,0,200,8294400,0.1,2,3.84
1,1,0,0,0,0,0,400,8294400,0.1,1,4.09
0,0,1,0,1,1,0,50,8294400,0.1,1,6.02
1,0,1,0,0,1,0,50,8294400,0.1,1,5.27
0,0,1,1,0,0,0,50,8294400,0.9,1,4.8
0,0,0,0,1,0,0,200,2073600,0.1,2,4.05
0,1,0,0,1,0,0,200,8294400,0.1,1,5.37
0,0,1,0,0,1,1,50,8294400,0.1,1,6.43
0,0,1,1,0,0,0,400,8294400,0.1,1,4.33
0,0,1,1,0,0,0,50,8294400,0.1,1,4.36
0,0,1,0,1,1,0,400,2073600,0.1,1,5.13
0,1,1,1,0,0,0,100,2073600,0.9,4,4.54
0,1,1,1,0,0,0,100,2073600,0.1,4,4.36
0,1,0,1,0,1,0,400,307200,0.9,8,3.88
1,0,1,0,0,1,0,400,2073600,0.1,1,4.44
1,0,0,0,0,0,0,200,2073600,0.1,2,3.81
0,0,1,1,0,0,0,400,2073600,0.9,1,4.4
0,1,0,1,0,1,0,400,307200,0.1,8,3.89
0,0,1,0,0,1,1,400,2073600,0.1,1,6.24
0,1,1,1,0,0,0,400,307200,0.9,8,4.13
0,0,0,0,0,0,1,200,2073600,0.1,2,5.35
0,1,1,1,0,0,0,400,307200,0.1,8,4.26
0,0,0,0,1,0,0,200,307200,0.1,2,3.27
1,1,0,0,0,0,0,200,8294400,0.1,1,3.81
0,0,1,0,1,1,0,50,2073600,0.1,1,5.5
0,0,0,0,1,1,0,400,8294400,0.1,4,6.0
0,1,0,1,0,1,0,400,2073600,0.9,8,4.02
1,0,0,0,0,0,0,200,307200,0.1,2,3.48
0,0,0,0,0,0,1,200,307200,0.1,2,5.17
0,1,0,1,0,1,0,400,2073600,0.1,8,4.0
1,0,0,0,0,1,0,400,8294400,0.1,4,4.48
0,1,1,1,0,0,0,400,2073600,0.9,8,4.45
1,0,1,0,0,1,0,50,2073600,0.1,1,4.46
0,0,1,1,0,0,0,50,2073600,0.9,1,4.54
0,0,0,0,1,1,0,200,8294400,0.1,4,6.37
0,1,1,1,0,0,0,400,2073600,0.1,8,4.28
1,0,0,0,0,1,0,200,8294400,0.1,4,4.49
0,0,1,0,0,1,1,50,2073600,0.1,1,6.57
0,0,1,1,0,0,0,400,2073600,0.1,1,4.53
0,0,1,1,0,0,0,50,2073600,0.1,1,4.63
1,1,1,0,0,1,0,400,8294400,0.1,8,5.22
0,1,1,0,1,0,0,400,8294400,0.1,1,5.97
0,1,0,0,1,0,0,400,8294400,0.1,4,5.72
1,1,1,0,0,0,0,400,8294400,0.1,1,4.86
1,1,0,0,0,0,0,400,8294400,0.1,4,4.31
0,1,0,0,1,0,0,200,8294400,0.1,4,5.77
0,1,1,0,0,0,1,400,8294400,0.1,1,5.93
0,1,1,0,1,0,0,50,8294400,0.1,1,5.9
1,1,0,0,0,0,0,200,8294400,0.1,4,4.26
1,1,1,0,0,0,0,50,8294400,0.1,1,4.78
0,1,0,1,0,1,0,400,8294400,0.9,8,4.23
0,0,0,0,1,1,0,100,8294400,0.1,1,5.68
0,1,1,0,0,0,1,50,8294400,0.1,1,6.09
1,0,0,0,0,1,0,100,8294400,0.1,1,4.76
0,1,0,0,1,0,0,100,8294400,0.1,1,5.38
0,1,1,0,1,0,0,400,2073600,0.1,1,4.55
1,1,1,0,0,0,0,400,2073600,0.1,1,4.27
0,1,1,0,0,0,1,400,2073600,0.1,1,6.19
0,1,0,1,0,1,0,400,8294400,0.1,8,4.3
0,1,1,0,1,0,0,50,2073600,0.1,1,4.77
0,1,0,1,0,1,0,100,307200,0.9,8,3.74
1,1,1,0,0,0,0,50,2073600,0.1,1,4.1
0,1,0,1,0,1,0,100,307200,0.1,8,3.66
0,1,0,1,0,1,0,100,2073600,0.9,8,3.75
0,1,1,0,0,0,1,50,2073600,0.1,1,5.73
0,1,0,1,0,1,0,100,2073600,0.1,8,3.97
1,1,0,0,0,0,0,100,8294400,0.1,1,4.24
0,0,0,0,1,1,0,100,8294400,0.1,4,6.11
1,0,0,0,0,1,0,100,8294400,0.1,4,4.1
0,1,0,0,1,0,0,100,8294400,0.1,4,5.8
1,1,0,0,0,0,0,100,8294400,0.1,4,4.33
0,0,0,0,1,1,0,400,307200,0.1,1,4.11
0,0,1,0,1,1,0,400,8294400,0.1,2,6.53
0,1,0,1,0,1,0,100,8294400,0.1,8,4.61
0,1,0,1,0,1,0,200,307200,0.9,4,3.57
0,1,0,1,0,1,0,200,307200,0.1,4,3.43
0,0,0,0,1,1,0,50,307200,0.1,1,3.83
0,1,0,1,0,1,0,200,307200,0.9,8,3.67
0,1,0,1,0,1,0,200,307200,0.1,8,3.72
1,0,1,0,0,1,0,400,8294400,0.1,2,5.3
1,0,0,0,0,1,0,400,307200,0.1,1,3.87
1,0,0,0,0,1,0,50,307200,0.1,1,3.69
0,0,1,1,0,0,0,400,8294400,0.9,2,4.7
0,0,1,0,0,1,1,400,8294400,0.1,2,6.63
0,0,0,0,1,1,0,200,307200,0.1,1,4.01
0,1,1,1,0,0,0,200,307200,0.9,4,4.22
0,1,1,1,0,0,0,200,307200,0.1,4,4.33
1,0,0,0,0,1,0,200,307200,0.1,1,3.76
0,1,0,0,1,0,0,400,307200,0.1,1,3.63
0,0,1,1,0,0,0,50,8294400,0.9,2,4.69
0,1,0,0,1,0,0,50,307200,0.1,1,3.44
0,0,1,0,1,1,0,50,8294400,0.1,2,6.56
1,0,1,0,0,1,0,50,8294400,0.1,2,5.05
0,1,1,1,0,0,0,200,307200,0.9,8,4.09
1,1,0,0,0,0,0,400,307200,0.1,1,3.42
0,0,1,0,0,1,1,50,8294400,0.1,2,6.2
0,0,1,1,0,0,0,400,8294400,0.1,2,4.37
0,0,1,1,0,0,0,50,8294400,0.1,2,4.85
1,1,0,0,0,0,0,50,307200,0.1,1,3.51
0,1,1,1,0,0,0,200,307200,0.1,8,4.23
0,1,0,0,1,0,0,200,307200,0.1,1,3.84
0,0,1,0,1,1,0,400,2073600,0.1,2,5.45
1,0,1,0,0,1,0,400,2073600,0.1,2,4.69
1,1,0,0,0,0,0,200,307200,0.1,1,3.61
0,0,1,1,0,0,0,400,2073600,0.9,2,4.37
0,0,1,0,0,1,1,400,2073600,0.1,2,6.57
0,1,0,0,0,0,1,50,307200,0.1,1,5.36
0,0,0,0,0,1,1,50,307200,0.1,1,5.96
0,0,0,0,1,1,0,400,307200,0.1,4,3.64
0,0,1,0,1,1,0,50,2073600,0.1,2,5.26
1,0,1,0,0,1,0,50,2073600,0.1,2,4.8
0,0,1,1,0,0,0,50,2073600,0.9,2,4.37
0,0,1,0,0,1,1,50,2073600,0.1,2,6.52
0,1,1,0,0,1,1,200,307200,0.1,4,6.8
1,0,0,0,0,1,0,400,307200,0.1,4,3.77
0,1,1,0,0,1,1,200,307200,0.1,8,6.02
0,1,1,1,0,0,0,200,2073600,0.9,4,4.41
0,0,1,1,0,0,0,400,2073600,0.1,2,4.38
0,0,0,0,1,1,0,50,307200,0.1,4,3.69
0,1,1,1,0,0,0,200,2073600,0.1,4,4.37
0,0,1,1,0,0,0,50,2073600,0.1,2,4.42
1,0,0,0,0,1,0,50,307200,0.1,4,3.83
0,1,1,1,0,0,0,200,2073600,0.9,8,4.26
0,1,1,0,0,0,1,400,8294400,0.1,2,6.21
0,0,0,0,0,1,1,400,307200,0.1,4,5.91
0,1,1,0,0,0,1,50,8294400,0.1,2,6.1
0,0,0,0,0,1,1,50,307200,0.1,4,5.84
0,1,0,0,1,0,0,400,307200,0.1,4,3.61
0,1,1,1,0,0,0,200,2073600,0.1,8,4.18
0,1,1,0,0,0,1,400,2073600,0.1,2,6.27
1,1,0,0,0,0,0,400,307200,0.1,4,3.54
0,1,0,0,1,0,0,50,307200,0.1,4,3.76
1,1,0,0,0,0,0,50,307200,0.1,4,3.51
0,1,0,0,0,0,1,400,307200,0.1,4,5.39
1,1,1,0,0,1,0,200,2073600,0.1,4,4.92
0,1,1,0,1,1,0,200,2073600,0.1,4,5.36
1,1,1,0,0,1,0,200,2073600,0.1,8,4.62
0,1,1,0,0,0,1,50,2073600,0.1,2,6.13
0,1,0,0,0,0,1,50,307200,0.1,4,5.35
0,1,0,0,1,0,0,200,307200,0.1,4,3.68
1,1,0,0,0,0,0,200,307200,0.1,4,3.49
0,0,0,0,1,1,0,100,307200,0.1,1,4.06
0,1,1,0,1,1,0,200,2073600,0.1,8,5.37
0,0,1,0,0,1,1,200,8294400,0.1,1,6.47
0,1,1,1,0,0,0,200,8294400,0.9,4,4.49
1,0,0,0,0,1,0,100,307200,0.1,1,3.79
0,1,1,1,0,0,0,200,8294400,0.1,4,5.09
0,0,1,0,0,1,1,200,2073600,0.1,1,6.61
0,1,1,0,0,0,1,200,8294400,0.1,1,6.15
0,1,1,0,0,0,1,200,2073600,0.1,1,6.25
0,1,1,1,0,0,0,200,8294400,0.9,8,5.07
0,1,1,1,0,0,0,200,8294400,0.1,8,4.57
1,1,1,0,0,1,0,200,8294400,0.1,4,5.37
0,1,1,0,1,1,0,200,8294400,0.1,4,7.1
0,1,0,0,1,0,0,100,307200,0.1,1,3.55
1,1,1,0,0,1,0,200,8294400,0.1,8,5.5
1,1,0,0,0,0,0,100,307200,0.1,1,3.37
0,1,1,0,1,1,0,200,8294400,0.1,8,6.75
0,1,1,0,0,1,1,200,8294400,0.1,4,6.58
0,0,1,0,0,1,1,200,8294400,0.1,2,6.51
1,0,0,0,0,1,0,100,307200,0.1,4,3.81
1,1,0,0,0,0,0,100,307200,0.1,4,3.27
0,1,1,0,0,1,1,200,8294400,0.1,8,6.42
0,1,1,1,0,0,0,50,307200,0.9,4,4.29
0,0,1,0,0,1,1,200,2073600,0.1,2,6.46
0,1,1,0,0,0,1,200,8294400,0.1,2,5.99
0,1,1,0,0,0,1,200,2073600,0.1,2,6.08
0,0,1,0,0,1,1,100,8294400,0.1,1,6.65
0,1,1,1,0,0,0,50,307200,0.1,4,3.87
0,1,1,1,0,0,0,50,2073600,0.9,4,4.24
0,1,1,1,0,0,0,50,2073600,0.1,4,4.23
1,1,0,0,0,0,0,100,307200,0.1,8,3.38
1,1,0,0,0,0,0,400,307200,0.1,8,3.48
0,1,0,0,1,0,0,400,307200,0.1,8,3.65
0,0,0,0,0,1,1,100,8294400,0.1,1,5.78
0,1,0,0,0,0,1,100,8294400,0.1,1,5.5
0,0,0,0,0,1,1,200,8294400,0.1,1,5.77
1,1,1,0,0,1,0,50,2073600,0.1,4,4.96
0,1,1,0,1,1,0,50,2073600,0.1,4,5.25
0,0,1,0,0,1,1,100,2073600,0.1,1,6.65
0,1,1,0,0,0,1,100,8294400,0.1,1,6.08
0,1,1,0,0,1,1,400,2073600,0.1,4,6.46
1,1,1,0,0,1,0,50,8294400,0.1,4,5.44
0,1,1,0,0,0,1,100,2073600,0.1,1,6.12
0,1,0,0,0,0,1,200,8294400,0.1,1,5.36
0,1,1,0,1,1,0,50,8294400,0.1,4,6.9
0,1,1,0,0,1,1,50,8294400,0.1,4,6.45
0,1,1,0,0,1,1,100,2073600,0.1,4,6.73
0,0,0,0,0,1,1,100,8294400,0.1,4,5.87
0,0,1,0,0,1,1,100,8294400,0.1,2,6.62
0,1,1,0,0,1,1,100,8294400,0.1,4,6.58
0,1,1,0,0,1,1,50,307200,0.1,4,6.5
0,1,1,1,0,0,0,50,8294400,0.9,4,4.77
0,0,1,0,0,1,1,100,2073600,0.1,2,6.55
0,1,1,1,0,0,0,50,8294400,0.1,4,4.69
1,1,1,0,0,1,0,400,2073600,0.1,1,4.68
0,1,1,0,1,1,0,400,2073600,0.1,1,5.12
0,1,0,0,0,0,1,100,8294400,0.1,4,5.62
0,1,1,0,0,0,1,100,8294400,0.1,2,6.12
0,0,0,0,0,1,1,200,8294400,0.1,4,5.77
0,1,0,0,0,0,1,200,8294400,0.1,4,5.62
0,1,1,1,0,0,0,400,2073600,0.9,1,4.41
0,0,0,0,0,1,1,100,8294400,0.1,8,5.56
0,1,0,0,0,0,1,100,8294400,0.1,8,5.73
0,1,1,0,0,0,1,100,2073600,0.1,2,6.22
0,0,0,0,1,1,0,100,8294400,0.1,8,5.63
0,0,1,0,0,1,1,400,307200,0.1,2,6.57
0,1,1,1,0,0,0,400,2073600,0.1,1,4.07
0,1,1,1,0,0,0,400,307200,0.9,1,4.1
0,1,0,0,1,0,0,100,8294400,0.1,8,5.37
0,0,1,0,0,1,1,50,307200,0.1,2,6.62
0,0,0,0,0,1,1,200,8294400,0.1,8,5.89
0,1,0,0,0,0,1,200,8294400,0.1,8,5.22
0,1,1,1,0,0,0,400,307200,0.1,1,4.29
0,0,1,0,1,1,0,400,307200,0.1,2,4.27
0,1,0,1,0,1,0,400,307200,0.9,1,3.76
0,0,0,0,1,1,0,200,8294400,0.1,8,5.91
1,0,1,0,0,1,0,400,307200,0.1,2,4.62
0,1,0,1,0,1,0,200,307200,0.9,1,3.94
0,1,0,0,1,0,0,200,8294400,0.1,8,5.72
0,0,1,0,1,1,0,50,307200,0.1,2,4.91
0,1,1,1,0,0,0,200,307200,0.9,1,4.22
0,0,0,0,1,1,0,400,8294400,0.1,8,5.59
1,0,1,0,0,1,0,50,307200,0.1,2,4.53
0,1,0,0,1,0,0,400,8294400,0.1,8,5.36
1,0,0,0,0,1,0,200,8294400,0.1,8,4.55
1,1,0,0,0,0,0,200,8294400,0.1,8,4.14
1,0,0,0,0,1,0,400,8294400,0.1,8,4.57
1,1,0,0,0,0,0,400,8294400,0.1,8,4.16
0,0,0,0,0,1,1,400,8294400,0.1,8,5.98
0,0,1,1,0,0,0,50,307200,0.9,2,4.26
0,1,0,0,0,0,1,400,8294400,0.1,8,5.53
1,0,0,0,0,1,0,100,8294400,0.1,8,4.3
0,1,0,1,0,1,0,400,307200,0.1,1,3.83
0,0,1,1,0,0,0,50,307200,0.1,2,3.96
0,0,1,1,0,0,0,400,307200,0.1,2,4.13
1,1,0,0,0,0,0,100,8294400,0.1,8,4.25
0,1,0,1,0,1,0,200,307200,0.1,1,3.48
0,1,1,1,0,0,0,200,307200,0.1,1,4.34
1,1,1,0,0,1,0,200,307200,0.1,1,4.55
0,1,0,0,0,0,1,50,8294400,0.1,1,5.11
0,0,0,0,0,1,1,50,8294400,0.1,4,5.5
0,1,0,0,0,0,1,50,8294400,0.1,4,5.52
0,1,1,0,1,1,0,200,307200,0.1,1,4.77
0,1,1,0,1,0,0,400,307200,0.1,2,4.03
1,1,1,0,0,0,0,400,307200,0.1,2,4.18
0,1,1,0,0,0,1,400,307200,0.1,2,6.23
0,1,1,0,1,0,0,50,307200,0.1,2,3.99
1,1,1,0,0,0,0,50,307200,0.1,2,4.17
0,0,0,0,1,1,0,50,8294400,0.1,8,5.78
0,1,0,0,1,0,0,50,8294400,0.1,8,5.35
1,0,0,0,0,1,0,50,8294400,0.1,8,4.28
1,1,1,0,0,1,0,100,307200,0.1,1,4.66
0,1,1,0,1,1,0,100,307200,0.1,1,4.71
0,1,1,0,0,1,1,400,307200,0.1,1,6.15
0,1,1,0,0,1,1,200,307200,0.1,1,6.87
1,1,0,0,0,0,0,50,8294400,0.1,8,4.17
0,0,0,0,0,1,1,50,8294400,0.1,8,5.86
0,1,1,0,0,0,1,50,307200,0.1,2,6.04
0,1,0,0,0,0,1,50,8294400,0.1,8,5.64
0,0,1,0,1,0,0,200,8294400,0.1,1,6.08
0,0,1,0,1,0,0,200,8294400,0.1,4,6.57
1,1,1,0,0,1,0,200,8294400,0.1,1,5.08
0,0,1,0,1,0,0,100,8294400,0.1,1,6.07
0,1,1,0,1,1,0,200,8294400,0.1,1,6.51
0,0,1,0,1,0,0,100,8294400,0.1,4,6.69
0,0,1,1,0,0,0,400,307200,0.1,1,4.12
0,0,1,1,0,0,0,50,307200,0.9,1,4.36
0,0,1,1,0,0,0,50,307200,0.1,1,3.9
0,0,1,0,1,0,0,400,8294400,0.1,1,6.15
0,1,1,0,0,1,1,200,8294400,0.1,1,6.08
0,0,1,0,1,0,0,400,8294400,0.1,4,6.58
0,0,1,0,1,1,0,200,307200,0.1,1,4.93
1,1,1,0,0,1,0,200,2073600,0.1,1,4.48
1,0,1,0,0,0,0,100,8294400,0.1,1,5.24
0,0,0,1,0,1,0,100,8294400,0.9,4,4.44
0,0,0,1,0,1,0,400,307200,0.1,1,3.77
1,0,1,0,0,0,0,400,8294400,0.1,1,4.52
0,1,0,0,1,1,0,400,8294400,0.1,4,6.4
0,1,1,0,1,1,0,200,2073600,0.1,1,5.19
0,1,0,0,1,1,0,50,8294400,0.1,4,5.82
0,1,1,0,0,1,1,200,2073600,0.1,1,6.54
0,1,0,1,0,1,0,200,8294400,0.9,1,4.48
1,1,0,0,0,1,0,50,8294400,0.1,4,4.75
0,0,0,1,0,1,0,400,8294400,0.1,1,4.4
0,0,0,1,0,1,0,50,8294400,0.9,1,4.34
1,0,1,0,0,0,0,200,8294400,0.1,1,4.46
0,1,0,0,0,1,1,400,8294400,0.1,4,5.84
0,1,0,1,0,1,0,200,2073600,0.9,1,3.65
0,1,0,0,0,1,1,400,8294400,0.1,1,5.63
0,1,0,1,0,1,0,200,8294400,0.1,1,4.22
0,1,0,1,0,1,0,200,2073600,0.1,1,4.01
0,1,1,1,0,0,0,200,8294400,0.9,1,4.44
0,0,1,0,1,0,0,50,8294400,0.1,1,5.97
1,0,1,0,0,0,0,50,8294400,0.1,1,4.68
1,0,1,0,0,0,0,400,8294400,0.1,4,4.8
0,1,0,0,0,1,1,400,307200,0.1,4,5.83
0,1,0,0,0,1,1,400,307200,0.1,1,5.7
0,1,1,1,0,0,0,200,2073600,0.9,1,4.5
1,1,0,0,0,1,0,400,8294400,0.1,4,4.21
0,0,1,0,1,0,0,50,8294400,0.1,4,6.91
0,1,1,1,0,0,0,200,8294400,0.1,1,4.79
1,0,1,0,0,0,0,50,8294400,0.1,4,5.0
0,1,1,1,0,0,0,200,2073600,0.1,1,4.06
1,1,1,0,0,1,0,400,8294400,0.1,1,5.36
0,1,1,0,1,1,0,400,8294400,0.1,1,5.97
1,0,1,0,0,0,0,100,8294400,0.1,4,4.78
1,0,1,0,0,0,0,200,8294400,0.1,4,4.83
0,0,1,0,0,0,1,200,8294400,0.1,4,5.86
0,0,1,0,0,0,1,400,8294400,0.1,4,6.22
0,1,0,1,0,1,0,400,8294400,0.9,1,4.01
0,1,0,0,1,1,0,400,8294400,0.1,1,5.6
0,1,0,1,0,1,0,400,2073600,0.9,1,4.04
0,0,1,0,0,0,1,50,8294400,0.1,4,6.18
1,1,0,0,0,1,0,400,8294400,0.1,1,4.28
0,0,1,0,0,0,1,100,8294400,0.1,4,6.08
0,1,1,1,0,0,0,400,8294400,0.9,1,4.62
0,1,0,0,1,1,0,400,307200,0.1,4,3.77
0,1,0,1,0,1,0,400,8294400,0.1,1,4.35
0,0,1,0,0,0,1,50,8294400,0.1,1,5.94
0,0,1,0,0,0,1,400,8294400,0.1,1,6.03
0,1,0,1,0,1,0,400,2073600,0.1,1,3.92
0,0,1,0,0,0,1,100,8294400,0.1,1,6.23
0,1,1,1,0,0,0,400,8294400,0.1,1,4.67
1,1,1,0,0,1,0,100,2073600,0.1,1,4.62
1,1,0,0,0,1,0,400,307200,0.1,4,3.61
0,1,0,0,1,1,0,400,307200,0.1,1,3.61
1,1,0,0,0,1,0,400,307200,0.1,1,3.83
0,1,1,0,1,1,0,100,2073600,0.1,1,5.29
0,1,0,0,1,1,0,50,8294400,0.1,1,5.72
1,1,0,0,0,1,0,50,8294400,0.1,1,4.17
0,1,0,0,1,1,0,50,307200,0.1,4,4.02
0,0,1,0,0,0,1,50,8294400,0.1,8,6.18
0,0,1,0,0,0,1,400,8294400,0.1,8,6.24
1,1,0,0,0,1,0,50,307200,0.1,4,3.69
0,1,1,0,0,1,1,100,8294400,0.1,1,6.75
0,1,1,0,0,1,1,100,2073600,0.1,1,6.61
0,1,0,1,0,1,0,100,2073600,0.9,1,4.07
0,1,0,0,1,1,0,50,307200,0.1,1,3.95
0,1,1,1,0,0,0,100,2073600,0.9,1,4.35
1,1,0,0,0,1,0,50,307200,0.1,1,3.93
0,0,1,0,0,0,1,100,8294400,0.1,8,6.19
0,1,0,1,0,1,0,100,8294400,0.1,1,4.39
0,1,0,1,0,1,0,100,2073600,0.1,1,3.85
0,0,1,0,1,0,0,400,8294400,0.1,8,6.51
1,0,1,0,0,0,0,400,8294400,0.1,8,4.93
0,1,1,1,0,0,0,100,8294400,0.1,1,4.82
0,0,1,0,1,0,0,50,8294400,0.1,8,6.2
0,1,1,1,0,0,0,100,2073600,0.1,1,4.42
1,0,1,0,0,0,0,50,8294400,0.1,8,4.9
0,1,0,0,0,1,1,50,8294400,0.1,4,5.87
0,0,1,0,1,0,0,100,8294400,0.1,8,6.21
1,0,1,0,0,0,0,100,8294400,0.1,8,5.09
0,0,1,0,0,0,1,200,8294400,0.1,1,5.86
0,0,1,0,1,0,0,200,8294400,0.1,8,6.2
0,1,0,0,0,1,1,50,8294400,0.1,1,5.92
1,0,1,0,0,0,0,200,8294400,0.1,8,5.12
0,0,1,0,0,0,1,200,8294400,0.1,8,6.04
0,1,0,1,0,1,0,100,307200,0.9,1,3.89
0,1,0,0,0,1,1,50,307200,0.1,4,5.61
0,0,1,0,1,0,0,400,307200,0.1,4,4.24
0,1,1,1,0,0,0,100,307200,0.9,1,3.96
1,0,1,0,0,0,0,400,307200,0.1,4,4.27
0,1,0,1,0,1,0,100,307200,0.1,1,3.9
0,0,1,0,1,0,0,50,307200,0.1,4,4.24
1,0,1,0,0,0,0,50,307200,0.1,4,4.28
0,1,0,0,0,1,1,50,307200,0.1,1,5.78
0,1,0,0,1,1,0,400,2073600,0.1,4,4.72
1,0,1,0,0,0,0,100,307200,0.1,4,4.33
0,0,1,0,1,0,0,400,307200,0.1,1,4.21
1,0,1,0,0,0,0,400,307200,0.1,1,4.17
0,0,1,0,1,0,0,50,307200,0.1,1,3.98
0,1,1,1,0,0,0,100,307200,0.1,1,4.01
1,0,1,0,0,0,0,50,307200,0.1,1,4.16
0,0,1,0,1,0,0,100,307200,0.1,1,4.19
1,0,1,0,0,0,0,100,307200,0.1,1,4.2
1,1,0,0,0,1,0,400,2073600,0.1,4,4.21
0,0,1,1,0,1,0,400,8294400,0.9,1,5.36
0,1,0,0,1,1,0,400,2073600,0.1,1,4.59
0,0,1,0,0,0,1,400,307200,0.1,4,5.98
1,1,0,0,0,1,0,400,2073600,0.1,1,4.05
0,0,1,0,0,0,1,50,307200,0.1,4,6.27
0,1,0,0,0,1,1,400,2073600,0.1,4,5.98
0,0,1,0,0,0,1,400,307200,0.1,1,6.38
0,1,0,0,0,1,1,400,2073600,0.1,1,5.69
0,1,0,0,1,1,0,50,2073600,0.1,4,4.49
1,1,0,0,0,1,0,50,2073600,0.1,4,4.09
0,0,1,1,0,1,0,400,8294400,0.1,1,4.69
0,0,1,1,0,1,0,400,2073600,0.9,1,4.89
0,0,1,1,0,1,0,400,2073600,0.1,1,4.72
0,1,0,0,1,1,0,50,2073600,0.1,1,4.47
0,0,1,1,0,1,0,100,8294400,0.1,1,5.21
1,1,0,0,0,1,0,50,2073600,0.1,1,4.21
0,1,0,0,0,1,1,50,2073600,0.1,4,5.87
0,0,1,0,0,0,1,50,307200,0.1,1,6.1
0,0,1,1,0,1,0,100,2073600,0.9,1,4.73
0,0,1,0,1,0,0,200,307200,0.1,4,4.33
0,0,1,1,0,1,0,100,2073600,0.1,1,4.82
0,1,0,1,0,1,0,50,8294400,0.9,1,4.43
1,0,1,0,0,0,0,200,307200,0.1,4,4.31
0,0,1,0,1,0,0,200,307200,0.1,1,4.21
0,1,0,0,0,1,1,50,2073600,0.1,1,5.59
0,1,1,0,0,1,1,50,8294400,0.1,1,6.84
0,1,1,1,0,0,0,50,8294400,0.9,1,4.83
1,0,1,0,0,0,0,200,307200,0.1,1,4.33
0,1,0,1,0,1,0,50,8294400,0.9,8,4.37
0,0,1,0,1,0,0,400,307200,0.1,8,4.35
0,0,0,1,0,1,0,50,307200,0.9,1,3.47
1,0,1,0,0,0,0,400,307200,0.1,8,3.79
0,0,1,0,1,0,0,50,307200,0.1,8,4.52
0,1,0,1,0,1,0,200,8294400,0.9,8,4.57
0,0,0,1,0,1,0,50,8294400,0.1,1,4.42
0,0,0,1,0,1,0,50,307200,0.1,1,3.85
0,1,0,1,0,1,0,50,2073600,0.9,8,4.06
0,1,0,1,0,0,0,400,8294400,0.9,4,4.17
0,1,0,1,0,0,0,400,8294400,0.9,1,3.97
1,0,1,0,0,0,0,50,307200,0.1,8,4.43
0,1,0,1,0,0,0,400,8294400,0.1,4,4.01
0,1,0,1,0,0,0,400,8294400,0.1,1,4.22
0,1,0,1,0,1,0,200,2073600,0.9,8,3.98
0,1,0,1,0,0,0,400,307200,0.1,4,3.26
0,1,0,1,0,1,0,50,2073600,0.9,1,3.73
0,1,0,1,0,0,0,400,307200,0.1,1,3.8
1,0,1,0,0,0,0,100,307200,0.1,8,4.24
0,0,1,0,0,0,1,400,307200,0.1,8,6.06
0,1,0,1,0,1,0,50,2073600,0.9,4,4.2
0,0,1,0,0,0,1,50,307200,0.1,8,6.16
0,1,0,1,0,1,0,200,2073600,0.9,4,4.03
0,1,0,1,0,1,0,50,8294400,0.9,4,4.45
0,1,0,1,0,1,0,200,8294400,0.9,4,4.24
0,0,1,0,1,0,0,200,307200,0.1,8,4.48
1,0,1,0,0,0,0,200,307200,0.1,8,4.39
0,1,0,1,0,0,0,50,8294400,0.9,4,3.88
0,1,0,1,0,0,0,50,8294400,0.9,1,3.79
0,1,0,1,0,0,0,50,307200,0.9,4,3.55
0,1,0,1,0,0,0,50,307200,0.9,1,3.18
0,1,0,1,0,0,0,50,8294400,0.1,4,3.8
0,0,0,1,0,0,0,400,307200,0.9,4,3.46
0,1,0,1,0,1,0,50,8294400,0.1,4,4.24
0,0,0,1,0,0,0,400,307200,0.1,4,3.22
0,1,0,1,0,1,0,200,8294400,0.1,4,4.39
0,1,0,1,0,1,0,50,2073600,0.1,4,4.06
0,0,0,1,0,0,0,50,307200,0.9,4,3.36
0,0,0,1,0,0,0,50,307200,0.1,4,3.44
0,0,0,1,0,0,0,100,307200,0.9,4,3.61
0,1,0,1,0,0,0,50,8294400,0.1,1,4.23
0,0,0,1,0,0,0,100,307200,0.1,4,3.6
0,0,1,0,1,0,0,400,2073600,0.1,4,5.0
0,1,0,1,0,0,0,50,307200,0.1,4,3.44
0,1,0,1,0,1,0,200,2073600,0.1,4,4.1
0,1,0,1,0,1,0,50,8294400,0.1,8,4.45
1,0,1,0,0,0,0,400,2073600,0.1,4,4.37
0,1,1,1,0,0,0,400,8294400,0.1,8,4.82
0,1,1,1,0,0,0,50,8294400,0.1,8,4.43
0,0,1,0,0,0,1,50,2073600,0.1,4,5.78
0,1,0,1,0,1,0,200,8294400,0.1,8,4.26
0,1,0,1,0,0,0,50,307200,0.1,1,3.68
0,1,0,1,0,1,0,50,2073600,0.1,8,4.02
0,0,1,0,0,0,1,100,2073600,0.1,4,6.18
0,0,1,0,1,0,0,400,2073600,0.1,1,4.92
0,0,0,1,0,1,0,400,2073600,0.9,1,4.16
0,0,0,1,0,1,0,400,2073600,0.1,1,4.32
1,0,1,0,0,0,0,400,2073600,0.1,1,4.44
0,1,1,1,0,0,0,50,2073600,0.1,8,4.44
0,1,0,1,0,1,0,200,2073600,0.1,8,3.91
0,0,0,1,0,1,0,50,2073600,0.9,1,4.08
0,0,1,0,0,0,1,50,2073600,0.1,1,6.12
0,0,1,0,0,0,1,100,2073600,0.1,1,6.0
0,0,1,0,0,0,1,200,2073600,0.1,1,5.92
0,1,0,1,0,1,0,50,8294400,0.1,1,4.43
0,0,1,0,1,0,0,50,2073600,0.1,4,4.97
0,1,1,1,0,0,0,50,8294400,0.1,1,4.4
0,1,0,1,0,1,0,50,2073600,0.1,1,4.05
0,0,1,0,1,0,0,100,2073600,0.1,4,4.9
0,1,0,1,0,1,0,50,307200,0.1,4,3.87
0,0,0,1,0,1,0,50,2073600,0.1,1,4.2
1,0,1,0,0,0,0,50,2073600,0.1,4,4.47
0,1,0,1,0,1,0,50,307200,0.1,8,3.7
0,1,0,1,0,0,0,400,2073600,0.9,4,3.72
1,0,1,0,0,0,0,100,2073600,0.1,4,4.59
0,1,0,1,0,0,0,400,2073600,0.9,1,3.77
0,1,1,1,0,0,0,50,307200,0.1,8,4.16
0,1,0,1,0,0,0,400,2073600,0.1,4,3.7
0,1,0,1,0,1,0,50,307200,0.1,1,3.77
0,0,1,0,0,0,1,400,2073600,0.1,4,6.3
0,1,1,1,0,0,0,50,307200,0.1,1,4.25
0,1,0,1,0,1,0,50,307200,0.9,4,3.55
0,0,1,0,1,0,0,50,2073600,0.1,1,4.8
0,1,0,1,0,1,0,50,307200,0.9,8,4.03
0,1,0,1,0,0,0,400,2073600,0.1,1,3.5
1,1,1,0,0,1,0,50,8294400,0.1,8,5.29
0,0,1,0,1,0,0,100,2073600,0.1,1,4.94
0,1,1,0,1,1,0,50,8294400,0.1,8,6.53
0,1,0,0,1,1,0,400,8294400,0.1,2,6.03
0,1,1,0,0,1,1,50,8294400,0.1,8,6.13
1,1,0,0,0,1,0,400,8294400,0.1,2,4.45
0,1,1,1,0,0,0,400,8294400,0.9,8,4.79
1,0,1,0,0,0,0,50,2073600,0.1,1,4.64
0,1,0,0,1,1,0,400,2073600,0.1,2,4.46
0,1,1,1,0,0,0,50,8294400,0.9,8,4.86
1,1,0,0,0,1,0,400,2073600,0.1,2,4.06
1,0,1,0,0,0,0,100,2073600,0.1,1,4.73
0,1,1,0,1,0,0,400,8294400,0.1,2,7.02
1,1,1,0,0,0,0,400,8294400,0.1,2,4.8
0,0,1,0,0,0,1,400,2073600,0.1,1,6.24
0,1,1,0,1,0,0,400,2073600,0.1,2,4.83
0,1,1,0,0,1,1,50,307200,0.1,8,6.84
1,1,1,0,0,1,0,50,307200,0.1,1,4.36
1,1,1,0,0,0,0,400,2073600,0.1,2,4.14
0,0,1,0,1,0,0,200,2073600,0.1,4,4.74
0,1,0,0,1,1,0,50,8294400,0.1,2,6.13
1,1,0,0,0,1,0,50,8294400,0.1,2,4.41
0,1,1,0,1,0,0,50,8294400,0.1,2,6.43
0,1,1,0,1,1,0,50,307200,0.1,1,4.39
1,0,1,0,0,0,0,200,2073600,0.1,4,4.44
0,0,1,0,1,0,0,200,2073600,0.1,1,4.62
1,0,1,0,0,0,0,200,2073600,0.1,1,4.01
0,1,1,0,0,1,1,400,2073600,0.1,8,6.34
1,1,1,0,0,0,0,50,8294400,0.1,2,4.73
0,1,0,0,1,1,0,50,2073600,0.1,2,4.66
0,0,0,0,1,1,0,50,2073600,0.1,4,4.71
1,1,1,0,0,1,0,50,2073600,0.1,8,4.73
0,0,0,0,1,1,0,400,2073600,0.1,4,4.63
0,1,1,0,1,1,0,50,2073600,0.1,8,5.22
1,1,1,0,0,1,0,50,2073600,0.1,1,4.96
0,0,0,0,1,1,0,100,2073600,0.1,4,4.58
1,1,0,0,0,1,0,50,2073600,0.1,2,3.69
1,0,0,0,0,1,0,50,2073600,0.1,4,4.18
1,0,0,0,0,1,0,400,2073600,0.1,4,3.92
0,1,1,0,1,1,0,50,2073600,0.1,1,5.06
0,1,1,0,0,1,1,50,2073600,0.1,1,6.5
0,1,1,0,1,0,0,50,2073600,0.1,2,4.89
1,1,1,0,0,0,0,50,2073600,0.1,2,4.57
0,1,1,1,0,0,0,50,307200,0.9,8,4.15
0,1,1,0,1,0,0,200,8294400,0.1,1,5.72
1,0,0,0,0,1,0,100,2073600,0.1,4,4.22
0,1,0,1,0,1,0,50,307200,0.9,1,3.87
0,1,1,1,0,0,0,50,307200,0.9,1,4.05
0,0,0,0,0,1,1,400,2073600,0.1,4,5.83
1,1,1,0,0,0,0,200,8294400,0.1,1,4.89
0,1,1,0,1,0,0,200,2073600,0.1,1,4.74
0,1,1,1,0,0,0,50,2073600,0.9,8,4.2
1,1,1,0,0,0,0,200,2073600,0.1,1,4.59
0,0,0,0,0,1,1,50,2073600,0.1,4,5.93
0,0,0,0,0,1,1,100,2073600,0.1,4,5.73
0,1,1,1,0,0,0,50,2073600,0.9,1,4.35
0,1,1,0,0,1,1,100,8294400,0.1,8,6.46
0,0,0,0,1,1,0,50,2073600,0.1,1,4.29
0,0,1,0,1,1,0,200,8294400,0.1,1,6.37
1,0,1,0,0,1,0,200,8294400,0.1,1,5.18
1,0,0,0,0,1,0,50,2073600,0.1,1,4.11
1,1,1,0,0,1,0,100,307200,0.1,8,4.66
0,0,0,0,1,1,0,400,2073600,0.1,1,4.5
0,1,1,0,1,1,0,100,307200,0.1,8,4.74
1,1,1,0,0,1,0,100,2073600,0.1,8,4.6
0,1,1,0,1,1,0,100,2073600,0.1,8,5.31
1,0,0,0,0,1,0,400,2073600,0.1,1,4.24
0,0,1,0,1,1,0,200,2073600,0.1,1,5.52
1,0,1,0,0,1,0,200,2073600,0.1,1,5.08
0,1,1,0,0,1,1,100,2073600,0.1,8,6.51
0,1,1,1,0,0,0,100,307200,0.9,8,4.18
0,0,0,0,1,1,0,100,2073600,0.1,1,4.09
0,1,0,0,1,1,0,200,8294400,0.1,1,5.31
0,1,1,1,0,0,0,100,8294400,0.1,8,4.76
1,1,0,0,0,1,0,200,8294400,0.1,1,4.74
0,0,0,0,1,1,0,200,2073600,0.1,1,4.51
0,1,0,0,1,1,0,200,2073600,0.1,1,4.52
0,1,1,1,0,0,0,100,307200,0.1,8,3.93
0,1,1,1,0,0,0,100,2073600,0.9,8,4.64
1,1,0,0,0,1,0,200,2073600,0.1,1,3.95
0,0,1,1,0,1,0,100,307200,0.9,1,4.1
0,0,1,1,0,1,0,100,307200,0.1,1,4.57
0,0,1,1,0,1,0,50,8294400,0.9,1,5.24
0,1,0,0,1,0,0,50,2073600,0.1,4,4.0
0,0,1,1,0,1,0,50,2073600,0.9,1,4.92
0,1,0,0,1,1,0,200,8294400,0.1,4,6.08
0,1,0,0,1,0,0,100,2073600,0.1,4,4.16
1,1,0,0,0,1,0,200,8294400,0.1,4,4.61
0,1,0,0,1,1,0,200,2073600,0.1,4,4.63
0,1,0,0,1,0,0,400,2073600,0.1,4,4.23
0,0,1,1,0,1,0,50,8294400,0.9,8,5.11
1,1,0,0,0,1,0,200,2073600,0.1,4,4.11
0,0,1,1,0,1,0,50,2073600,0.9,8,4.52
0,0,1,0,1,1,0,200,8294400,0.1,8,6.33
0,0,1,1,0,1,0,50,8294400,0.9,4,5.14
1,0,1,0,0,1,0,200,8294400,0.1,8,5.41
0,0,1,1,0,1,0,50,2073600,0.9,4,4.91
0,0,1,0,1,1,0,200,2073600,0.1,8,4.7
0,1,0,0,1,0,0,200,2073600,0.1,4,4.51
0,0,1,1,0,1,0,50,8294400,0.1,8,5.24
0,0,1,1,0,1,0,50,2073600,0.1,8,4.42
0,0,1,1,0,1,0,50,8294400,0.1,4,4.91
1,0,1,0,0,1,0,200,2073600,0.1,8,4.84
0,0,1,0,1,1,0,200,307200,0.1,8,4.71
1,0,1,0,0,1,0,200,307200,0.1,8,4.79
0,0,1,1,0,1,0,50,2073600,0.1,4,4.82
0,1,0,0,1,0,0,50,2073600,0.1,1,4.28
0,1,0,0,1,0,0,100,2073600,0.1,1,3.98
0,0,1,1,0,1,0,50,8294400,0.1,1,5.12
0,0,0,1,0,1,0,200,2073600,0.1,8,3.73
0,0,1,1,0,0,0,200,2073600,0.1,8,4.06
0,0,0,1,0,1,0,400,2073600,0.1,8,3.72
0,1,0,0,1,0,0,400,2073600,0.1,1,4.11
0,1,0,0,1,0,0,200,2073600,0.1,1,4.09
0,0,0,1,0,1,0,50,2073600,0.1,8,3.75
0,1,0,0,1,0,0,100,2073600,0.1,8,4.27
0,0,1,1,0,1,0,50,2073600,0.1,1,4.86
0,0,1,1,0,1,0,400,307200,0.9,1,4.13
0,1,1,1,0,0,0,100,2073600,0.1,8,4.38
0,0,1,1,0,0,0,400,2073600,0.1,8,4.47
1,0,0,0,0,1,0,100,2073600,0.1,1,3.93
1,1,0,0,0,0,0,50,2073600,0.1,1,3.45
0,0,1,1,0,0,0,50,2073600,0.1,8,4.5
0,0,1,1,0,1,0,50,307200,0.9,8,4.52
0,0,1,1,0,1,0,50,307200,0.9,4,4.56
0,0,0,1,0,1,0,400,2073600,0.1,2,3.77
1,1,0,0,0,0,0,100,2073600,0.1,1,3.81
0,0,0,0,0,1,1,400,2073600,0.1,1,5.73
0,0,1,1,0,1,0,50,307200,0.1,8,4.55
0,1,0,0,0,0,1,400,2073600,0.1,1,5.53
0,0,1,1,0,1,0,50,307200,0.1,4,4.31
0,0,0,1,0,1,0,50,2073600,0.1,2,4.14
0,0,0,1,0,1,0,200,2073600,0.1,4,4.04
0,0,1,1,0,1,0,400,307200,0.1,1,4.45
0,0,1,1,0,1,0,200,8294400,0.9,8,5.09
0,0,0,0,0,1,1,50,2073600,0.1,1,5.74
0,0,0,1,0,1,0,200,2073600,0.1,1,4.37
0,0,1,1,0,1,0,200,8294400,0.9,4,5.27
0,0,1,1,0,0,0,200,2073600,0.1,1,4.48
0,0,0,0,0,1,1,100,2073600,0.1,1,5.83
0,0,1,1,0,1,0,200,8294400,0.1,8,5.32
0,1,0,0,0,0,1,50,2073600,0.1,1,5.49
0,0,0,1,0,1,0,200,2073600,0.1,2,4.03
0,0,1,1,0,0,0,200,2073600,0.1,2,4.51
0,0,0,1,0,1,0,400,2073600,0.9,2,4.13
0,1,0,0,0,0,1,100,2073600,0.1,1,5.44
1,1,0,0,0,0,0,400,2073600,0.1,1,3.81
0,0,1,1,0,1,0,200,8294400,0.1,4,4.99
0,0,0,0,0,1,1,200,2073600,0.1,1,5.71
1,1,0,0,0,0,0,50,2073600,0.1,4,3.86
0,0,1,1,0,1,0,200,2073600,0.9,8,5.32
0,0,0,1,0,1,0,50,2073600,0.9,2,4.05
0,0,1,1,0,1,0,200,2073600,0.9,4,4.68
1,1,0,0,0,0,0,100,2073600,0.1,4,3.47
0,0,1,1,0,1,0,200,2073600,0.1,8,4.86
0,0,1,1,0,1,0,200,2073600,0.1,4,4.73
0,1,0,0,0,0,1,400,2073600,0.1,4,5.22
0,1,0,0,0,0,1,200,2073600,0.1,1,5.58
1,1,0,0,0,0,0,400,2073600,0.1,4,3.47
0,1,0,0,0,0,1,50,2073600,0.1,4,5.39
0,1,0,0,0,0,1,100,2073600,0.1,4,5.48
1,1,0,0,0,0,0,200,2073600,0.1,4,3.56
0,0,1,1,0,1,0,200,307200,0.9,4,4.57
0,0,0,1,0,1,0,200,2073600,0.9,4,4.2
1,0,0,0,0,1,0,200,2073600,0.1,1,4.12
0,0,1,1,0,1,0,200,307200,0.9,8,4.44
0,0,0,1,0,1,0,200,2073600,0.9,1,3.84
1,1,0,0,0,0,0,200,2073600,0.1,1,3.85
0,0,1,1,0,1,0,200,307200,0.1,4,4.34
0,0,1,1,0,1,0,200,307200,0.1,8,4.5
0,0,1,0,1,0,0,50,2073600,0.1,8,4.73
1,0,1,0,0,0,0,50,2073600,0.1,8,4.49
0,0,1,1,0,1,0,50,307200,0.9,1,4.59
0,0,1,1,0,1,0,50,307200,0.1,1,4.49
0,0,1,1,0,0,0,200,2073600,0.9,1,4.6
0,0,1,0,1,0,0,400,2073600,0.1,8,5.1
0,0,1,1,0,1,0,200,307200,0.9,1,4.44
0,0,0,1,0,1,0,200,2073600,0.9,2,4.02
0,0,1,1,0,0,0,200,2073600,0.9,2,4.51
0,0,0,1,0,1,0,400,2073600,0.9,8,4.22
1,0,1,0,0,0,0,400,2073600,0.1,8,4.44
0,0,1,0,1,0,0,100,2073600,0.1,8,5.01
0,0,0,1,0,1,0,50,2073600,0.9,8,4.04
0,0,1,1,0,0,0,400,2073600,0.9,8,4.56
0,0,1,1,0,1,0,200,307200,0.1,1,4.6
1,0,1,0,0,0,0,100,2073600,0.1,8,4.41
0,0,1,0,0,0,1,400,2073600,0.1,8,6.12
0,0,1,1,0,0,0,50,2073600,0.9,8,4.56
0,0,1,0,0,0,1,50,2073600,0.1,8,6.08
0,0,1,1,0,0,0,200,2073600,0.9,8,4.43
0,0,1,0,0,0,1,100,2073600,0.1,8,5.97
0,0,1,0,1,1,0,50,2073600,0.1,8,5.24
0,0,1,0,1,0,0,200,2073600,0.1,8,5.1
1,0,1,0,0,0,0,200,2073600,0.1,8,4.44
1,0,1,0,0,1,0,50,2073600,0.1,8,4.74
0,0,1,0,1,1,0,50,8294400,0.1,8,6.71
1,0,1,0,0,1,0,50,8294400,0.1,8,4.94
0,0,1,0,1,1,0,400,8294400,0.1,8,6.4
0,1,0,0,1,0,0,400,2073600,0.1,8,4.18
0,0,1,1,0,1,0,200,8294400,0.9,1,5.21
1,1,0,0,0,0,0,400,2073600,0.1,8,3.8
0,0,1,1,0,1,0,200,2073600,0.9,1,4.68
0,0,1,1,0,1,0,200,8294400,0.1,1,5.15
1,0,1,0,0,1,0,400,8294400,0.1,8,5.12
1,1,0,0,0,0,0,100,2073600,0.1,8,3.73
0,1,0,0,0,0,1,400,2073600,0.1,8,5.48
0,0,1,1,0,1,0,200,2073600,0.1,1,5.0
0,1,0,0,0,0,1,100,2073600,0.1,8,5.41
0,0,1,0,1,0,0,50,307200,0.1,2,4.33
0,0,1,0,1,1,0,400,2073600,0.1,8,5.25
1,0,1,0,0,0,0,50,307200,0.1,2,4.24
0,0,1,0,1,0,0,100,307200,0.1,2,4.23
0,1,0,1,0,1,0,50,8294400,0.9,2,4.46
1,0,1,0,0,1,0,400,2073600,0.1,8,4.37
1,0,1,0,0,0,0,100,307200,0.1,2,4.04
0,0,1,1,0,1,0,50,307200,0.9,2,4.17
0,0,1,0,0,1,1,400,8294400,0.1,8,6.32
0,0,0,0,1,1,0,50,307200,0.1,2,3.98
0,0,1,1,0,1,0,50,2073600,0.9,2,4.97
0,0,1,0,0,1,1,400,2073600,0.1,8,6.52
1,0,0,0,0,1,0,50,307200,0.1,2,3.81
0,0,1,1,0,1,0,100,2073600,0.9,2,4.88
0,0,1,0,0,1,1,50,8294400,0.1,8,6.56
0,0,0,0,1,1,0,100,307200,0.1,2,3.61
1,0,0,0,0,1,0,100,307200,0.1,2,3.81
0,0,1,0,0,1,1,50,2073600,0.1,8,6.13
0,0,0,0,1,1,0,400,307200,0.1,2,3.92
1,0,0,0,0,1,0,400,307200,0.1,2,3.98
0,0,1,1,0,0,0,400,8294400,0.9,8,4.82
0,0,1,1,0,1,0,100,307200,0.1,2,4.42
0,0,1,0,1,0,0,400,307200,0.1,2,4.25
1,0,1,0,0,0,0,400,307200,0.1,2,4.14
0,0,1,1,0,0,0,50,8294400,0.9,8,4.78
0,0,1,1,0,1,0,100,2073600,0.1,2,4.83
0,0,1,0,1,0,0,400,2073600,0.1,2,4.91
1,0,1,0,0,0,0,400,2073600,0.1,2,4.63
0,0,0,1,0,1,0,400,8294400,0.9,8,4.36
0,0,0,1,0,1,0,50,8294400,0.9,8,4.72
0,0,1,0,1,0,0,50,2073600,0.1,2,5.28
0,0,0,1,0,1,0,400,8294400,0.1,8,4.43
0,0,0,1,0,1,0,50,8294400,0.1,8,4.59
1,0,1,0,0,0,0,50,2073600,0.1,2,4.53
0,1,1,1,0,0,0,100,307200,0.9,2,4.26
0,1,1,1,0,0,0,100,307200,0.1,2,4.19
0,1,1,1,0,0,0,100,2073600,0.9,2,4.42
0,1,1,1,0,0,0,100,2073600,0.1,2,4.4
0,0,1,0,1,0,0,100,2073600,0.1,2,4.9
0,0,1,1,0,0,0,400,8294400,0.1,8,4.44
0,0,1,1,0,0,0,50,8294400,0.1,8,4.83
0,0,1,1,0,0,0,400,307200,0.9,8,4.28
1,0,1,0,0,0,0,100,2073600,0.1,2,4.28
0,0,0,0,1,1,0,400,2073600,0.1,2,4.58
0,1,1,0,0,1,1,100,2073600,0.1,2,6.51
1,0,0,0,0,1,0,400,2073600,0.1,2,4.09
0,1,1,0,0,1,1,100,8294400,0.1,2,6.52
0,0,0,0,1,1,0,50,2073600,0.1,2,4.87
0,0,1,1,0,0,0,400,307200,0.1,8,4.1
1,0,0,0,0,1,0,50,2073600,0.1,2,3.94
0,0,1,1,0,1,0,50,307200,0.1,2,4.28
0,0,1,1,0,0,0,50,307200,0.9,8,4.11
0,0,1,1,0,1,0,50,2073600,0.1,2,4.62
0,0,1,1,0,1,0,50,8294400,0.9,2,4.91
0,0,0,0,1,1,0,100,2073600,0.1,2,4.1
0,0,1,1,0,0,0,50,307200,0.1,8,4.31
0,0,0,1,0,1,0,400,307200,0.9,8,3.58
0,0,0,1,0,1,0,400,307200,0.1,8,3.85
1,0,0,0,0,1,0,100,2073600,0.1,2,4.2
0,0,0,1,0,1,0,50,307200,0.9,8,3.78
0,0,1,0,1,0,0,200,307200,0.1,2,4.21
0,0,1,1,0,1,0,50,8294400,0.1,2,5.32
0,0,0,1,0,1,0,50,307200,0.1,8,3.97
1,1,1,0,0,1,0,50,307200,0.1,2,4.53
1,0,1,0,0,0,0,200,307200,0.1,2,4.25
0,0,1,0,1,1,0,400,307200,0.1,8,4.78
0,0,0,0,1,1,0,200,307200,0.1,2,4.1
0,1,1,0,1,1,0,50,307200,0.1,2,4.56
1,0,1,0,0,1,0,400,307200,0.1,8,4.62
0,0,1,0,0,1,1,400,307200,0.1,8,6.6
0,1,1,1,0,0,0,50,307200,0.9,2,3.99
0,0,1,0,1,1,0,50,307200,0.1,8,4.65
1,0,0,0,0,1,0,200,307200,0.1,2,3.4
1,0,1,0,0,1,0,50,307200,0.1,8,4.6
0,1,1,1,0,0,0,50,307200,0.1,2,4.17
0,0,1,0,1,0,0,200,2073600,0.1,2,4.95
1,1,1,0,0,1,0,50,2073600,0.1,2,4.76
0,0,1,0,0,1,1,50,307200,0.1,8,6.47
0,0,0,1,0,1,0,400,8294400,0.1,2,4.56
1,0,1,0,0,0,0,200,2073600,0.1,2,4.49
0,0,0,0,1,1,0,200,2073600,0.1,2,4.46
0,1,1,0,1,1,0,50,2073600,0.1,2,5.37
0,1,1,1,0,0,0,50,2073600,0.9,2,4.54
1,0,0,0,0,1,0,200,2073600,0.1,2,4.08
0,0,0,1,0,1,0,50,8294400,0.9,2,4.54
0,1,0,0,1,0,0,400,307200,0.1,2,3.54
1,1,0,0,0,0,0,400,307200,0.1,2,3.47
0,1,0,0,1,0,0,50,307200,0.1,2,3.59
0,0,0,1,0,1,0,50,8294400,0.1,2,4.49
0,0,0,1,0,1,0,50,307200,0.9,2,3.75
1,1,0,0,0,0,0,50,307200,0.1,2,3.65
0,1,1,1,0,0,0,50,2073600,0.1,2,4.43
0,1,1,0,0,1,1,50,307200,0.1,2,6.48
0,1,1,0,0,1,1,50,2073600,0.1,2,6.53
1,1,1,0,0,1,0,50,8294400,0.1,2,5.07
0,1,1,0,1,1,0,50,8294400,0.1,2,6.68
0,1,0,0,1,0,0,100,307200,0.1,2,3.55
0,1,1,1,0,0,0,50,8294400,0.9,2,4.68
1,1,0,0,0,0,0,100,307200,0.1,2,3.3
0,1,0,0,1,0,0,400,2073600,0.1,2,4.14
0,1,1,1,0,0,0,50,8294400,0.1,2,4.92
0,0,0,1,0,1,0,400,307200,0.1,2,3.89
0,0,0,1,0,1,0,50,307200,0.1,2,3.82
0,1,1,0,0,1,1,50,8294400,0.1,2,6.68
1,1,0,0,0,0,0,400,2073600,0.1,2,3.75
0,1,0,1,0,0,0,50,2073600,0.9,4,3.65
0,1,0,1,0,0,0,50,2073600,0.1,4,3.69
0,1,1,0,1,0,0,400,8294400,0.1,8,6.3
0,1,0,0,1,0,0,50,2073600,0.1,2,4.17
0,1,0,1,0,1,0,100,2073600,0.1,2,4.37
1,1,1,0,0,0,0,400,8294400,0.1,8,5.01
0,1,0,1,0,0,0,400,8294400,0.9,8,4.11
1,1,0,0,0,0,0,50,2073600,0.1,2,3.7
0,1,0,0,1,0,0,100,2073600,0.1,2,4.16
0,1,0,1,0,1,0,50,307200,0.9,2,3.98
0,1,0,1,0,1,0,50,307200,0.1,2,4.01
1,1,0,0,0,0,0,100,2073600,0.1,2,3.42
0,1,0,0,1,0,0,200,307200,0.1,2,3.25
1,1,0,0,0,0,0,200,307200,0.1,2,3.62
0,1,0,0,1,0,0,200,2073600,0.1,2,4.21
1,1,0,0,0,0,0,200,2073600,0.1,2,3.8
0,1,0,1,0,0,0,400,8294400,0.1,8,4.18
0,1,1,0,1,0,0,400,2073600,0.1,8,4.84
1,1,1,0,0,0,0,400,2073600,0.1,8,4.64
0,0,1,0,0,0,1,400,307200,0.1,2,5.79
0,1,0,1,0,0,0,400,2073600,0.9,8,3.6
0,1,0,1,0,1,0,50,2073600,0.9,2,4.23
0,0,1,0,0,0,1,50,307200,0.1,2,5.99
0,0,1,0,0,0,1,100,307200,0.1,2,6.21
0,1,0,0,0,0,1,400,307200,0.1,2,5.71
0,1,0,0,0,0,1,50,307200,0.1,2,5.45
0,1,0,1,0,0,0,400,2073600,0.1,8,3.63
0,1,0,0,0,0,1,100,307200,0.1,2,5.4
0,1,0,1,0,1,0,50,2073600,0.1,2,3.86
0,1,0,1,0,1,0,50,8294400,0.1,2,4.46
1,1,1,0,0,1,0,200,307200,0.1,2,4.62
0,1,1,0,0,0,1,400,8294400,0.1,8,5.94
0,1,1,0,1,1,0,200,307200,0.1,2,4.69
1,1,1,0,0,1,0,200,2073600,0.1,2,4.66
0,1,1,0,0,0,1,400,2073600,0.1,8,6.28
0,0,1,0,0,0,1,400,2073600,0.1,2,6.18
0,1,1,0,1,1,0,200,2073600,0.1,2,5.16
0,1,1,0,1,0,0,50,8294400,0.1,8,6.26
1,1,1,0,0,0,0,50,8294400,0.1,8,4.81
1,1,1,0,0,1,0,200,8294400,0.1,2,5.23
0,1,0,1,0,0,0,50,8294400,0.9,8,4.02
0,1,0,1,0,0,0,50,8294400,0.1,8,4.13
0,0,1,0,0,0,1,50,2073600,0.1,2,6.14
0,0,1,0,0,0,1,100,2073600,0.1,2,6.2
0,1,1,0,1,0,0,50,2073600,0.1,8,5.01
0,1,1,0,1,1,0,200,8294400,0.1,2,6.81
1,1,1,0,0,0,0,50,2073600,0.1,8,4.79
0,1,0,1,0,0,0,50,2073600,0.9,8,3.9
0,1,0,1,0,0,0,50,2073600,0.1,8,3.7
0,1,1,0,0,1,1,200,307200,0.1,2,6.52
0,1,0,0,0,0,1,400,2073600,0.1,2,5.67
0,1,0,0,0,0,1,50,2073600,0.1,2,5.55
0,1,1,0,0,0,1,50,8294400,0.1,8,6.11
0,1,1,1,0,0,0,200,307200,0.9,2,4.05
0,1,1,0,0,0,1,50,2073600,0.1,8,5.71
0,1,0,0,1,1,0,400,8294400,0.1,8,5.63
0,1,1,1,0,0,0,200,307200,0.1,2,4.11
0,1,0,0,0,0,1,100,2073600,0.1,2,5.47
1,1,0,0,0,1,0,400,8294400,0.1,8,4.61
0,1,0,0,1,1,0,400,2073600,0.1,8,4.26
0,0,0,0,0,1,1,400,307200,0.1,2,5.75
1,1,0,0,0,1,0,400,2073600,0.1,8,4.36
0,1,1,0,0,1,1,200,2073600,0.1,2,6.18
0,0,0,0,0,1,1,50,307200,0.1,2,5.41
0,0,0,0,0,1,1,400,2073600,0.1,2,5.66
0,0,1,0,0,0,1,200,307200,0.1,2,6.12
0,1,0,0,0,1,1,400,8294400,0.1,8,5.92
0,1,1,1,0,0,0,200,2073600,0.9,2,4.54
0,1,1,1,0,0,0,200,2073600,0.1,2,4.61
0,1,0,0,0,0,1,200,307200,0.1,2,5.51
0,1,0,0,0,1,1,400,2073600,0.1,8,5.77
0,1,1,0,0,1,1,200,8294400,0.1,2,6.3
0,0,1,0,0,0,1,200,2073600,0.1,2,6.14
0,1,0,0,0,0,1,200,2073600,0.1,2,5.6
0,1,0,0,1,1,0,50,8294400,0.1,8,5.76
0,1,1,1,0,0,0,200,8294400,0.9,2,4.78
1,1,0,0,0,1,0,50,8294400,0.1,8,4.6
0,0,0,0,0,1,1,200,307200,0.1,2,5.72
0,1,1,1,0,0,0,200,8294400,0.1,2,4.65
0,0,1,1,0,1,0,200,307200,0.9,2,4.48
0,0,0,0,0,1,1,200,2073600,0.1,2,5.71
0,0,0,0,0,1,1,50,2073600,0.1,2,5.84
0,1,0,0,1,1,0,50,2073600,0.1,8,4.85
1,1,0,0,0,1,0,50,2073600,0.1,8,3.96
0,0,0,1,0,0,0,400,307200,0.9,2,3.69
0,1,0,0,0,1,1,50,8294400,0.1,8,5.81
0,0,1,1,0,1,0,200,307200,0.1,2,4.61
0,1,0,0,0,1,1,50,2073600,0.1,8,5.92
0,0,0,1,0,0,0,400,307200,0.1,2,3.58
0,0,0,1,0,0,0,50,307200,0.9,2,3.4
0,1,1,0,1,0,0,400,307200,0.1,8,4.32
1,1,1,0,0,0,0,400,307200,0.1,8,4.26
0,0,0,1,0,0,0,50,307200,0.1,2,3.57
0,0,0,1,0,0,0,400,2073600,0.9,2,3.75
0,0,0,1,0,0,0,400,2073600,0.1,2,3.84
0,1,0,1,0,0,0,400,307200,0.9,8,3.22
0,0,1,1,0,1,0,200,2073600,0.9,2,4.76
0,0,0,1,0,0,0,50,2073600,0.9,2,3.87
0,0,1,1,0,1,0,200,2073600,0.1,2,4.72
0,1,0,1,0,0,0,400,307200,0.1,8,3.13
0,0,1,1,0,1,0,200,8294400,0.9,2,5.17
0,1,0,1,0,0,0,50,307200,0.1,8,3.34
0,1,0,1,0,0,0,50,2073600,0.1,1,3.9
0,1,0,1,0,0,0,400,8294400,0.1,2,4.02
0,0,1,1,0,1,0,200,8294400,0.1,2,5.27
0,0,0,1,0,0,0,50,2073600,0.1,2,3.71
0,0,0,1,0,0,0,200,2073600,0.9,2,3.79
0,1,0,1,0,1,0,200,307200,0.1,2,3.96
0,1,0,1,0,1,0,200,2073600,0.9,2,4.03
0,0,0,1,0,0,0,200,2073600,0.1,2,3.64
0,0,0,1,0,0,0,100,2073600,0.9,2,3.72
0,1,0,1,0,0,0,400,2073600,0.1,2,3.74
0,0,0,1,0,0,0,100,2073600,0.1,2,3.71
0,1,0,1,0,1,0,200,2073600,0.1,2,3.94
0,1,0,1,0,1,0,200,8294400,0.9,2,4.29
0,1,0,1,0,0,0,50,8294400,0.1,2,4.03
0,0,0,0,0,1,1,100,2073600,0.1,2,5.94
0,1,0,1,0,1,0,200,8294400,0.1,2,4.42
0,1,0,1,0,0,0,50,2073600,0.1,2,3.46
0,1,0,1,0,0,0,400,307200,0.1,2,3.55
0,1,0,1,0,0,0,50,307200,0.1,2,3.33
0,0,0,1,0,0,0,100,307200,0.9,2,3.42
0,1,0,1,0,0,0,50,307200,0.9,2,3.42
0,1,0,0,1,1,0,400,307200,0.1,2,4.02
0,0,0,1,0,0,0,100,307200,0.1,2,3.3
0,0,0,1,0,0,0,50,8294400,0.1,2,3.74
1,1,0,0,0,1,0,400,307200,0.1,2,3.86
0,0,0,1,0,0,0,50,8294400,0.9,2,4.23
0,1,0,0,1,1,0,50,307200,0.1,2,4.02
1,1,0,0,0,1,0,50,307200,0.1,2,3.74
0,1,0,0,0,1,1,400,307200,0.1,2,5.49
0,1,0,0,0,1,1,50,307200,0.1,2,5.92
0,1,0,1,0,0,0,400,8294400,0.9,2,4.25
0,1,0,1,0,0,0,50,8294400,0.9,2,4.32
0,1,0,1,0,0,0,400,2073600,0.9,2,3.91
0,0,0,1,0,0,0,100,8294400,0.9,2,3.88
0,0,0,1,0,0,0,100,8294400,0.1,2,3.98
0,0,0,1,0,0,0,400,8294400,0.9,2,4.44
0,1,0,1,0,0,0,50,2073600,0.9,2,3.6
0,0,0,1,0,0,0,400,8294400,0.1,2,4.14
0,0,1,0,1,0,0,50,8294400,0.1,2,6.24
1,0,1,0,0,0,0,50,8294400,0.1,2,4.97
0,0,0,0,1,1,0,50,8294400,0.1,2,6.29
0,1,0,0,0,1,1,400,8294400,0.1,2,5.72
1,0,0,0,0,1,0,50,8294400,0.1,2,4.21
0,0,0,0,1,1,0,400,8294400,0.1,2,5.79
0,1,0,0,0,1,1,400,2073600,0.1,2,5.82
0,1,0,0,0,1,1,50,8294400,0.1,2,5.64
1,0,0,0,0,1,0,400,8294400,0.1,2,4.47
0,0,1,0,1,0,0,400,8294400,0.1,2,6.54
0,1,0,0,0,1,1,50,2073600,0.1,2,5.64
0,1,0,1,0,0,0,50,307200,0.9,8,3.45
0,1,1,0,1,0,0,50,307200,0.1,8,4.21
1,0,1,0,0,0,0,400,8294400,0.1,2,4.53
0,0,1,0,1,0,0,100,8294400,0.1,2,6.59
1,1,1,0,0,0,0,50,307200,0.1,8,4.15
1,0,1,0,0,0,0,100,8294400,0.1,2,4.81
0,0,0,0,1,1,0,100,8294400,0.1,2,5.92
0,1,1,0,0,0,1,400,307200,0.1,8,5.87
1,0,0,0,0,1,0,100,8294400,0.1,2,4.49
0,1,0,0,1,0,0,400,8294400,0.1,2,5.48
0,1,1,0,0,0,1,50,307200,0.1,8,6.08
0,1,0,0,1,1,0,400,307200,0.1,8,4.07
1,1,0,0,0,1,0,400,307200,0.1,8,3.87
1,1,0,0,0,0,0,400,8294400,0.1,2,4.23
0,1,0,0,1,0,0,50,8294400,0.1,2,5.75
0,1,0,0,1,1,0,50,307200,0.1,8,4.13
1,1,0,0,0,0,0,50,8294400,0.1,2,4.12
0,1,0,0,1,0,0,100,8294400,0.1,2,5.53
1,1,0,0,0,0,0,100,8294400,0.1,2,3.99
0,0,0,0,1,1,0,200,8294400,0.1,2,5.7
1,0,0,0,0,1,0,200,8294400,0.1,2,4.27
1,1,0,0,0,1,0,50,307200,0.1,8,3.95
0,1,0,0,0,1,1,400,307200,0.1,8,5.7
0,1,0,0,0,1,1,50,307200,0.1,8,5.88
0,1,0,1,0,0,0,50,2073600,0.9,1,3.8
0,0,0,0,0,1,1,200,8294400,0.1,2,5.99
0,0,0,1,0,0,0,200,8294400,0.9,2,3.96
0,0,1,1,0,0,0,200,8294400,0.9,8,4.75
0,0,0,1,0,1,0,200,8294400,0.9,4,4.22
0,0,0,1,0,1,0,200,8294400,0.9,8,4.14
0,0,1,0,0,1,1,200,8294400,0.1,8,6.49
0,0,0,1,0,0,0,200,8294400,0.1,2,3.73
0,1,0,0,1,0,0,200,8294400,0.1,2,5.51
1,1,0,0,0,0,0,200,8294400,0.1,2,4.27
0,0,1,1,0,0,0,200,8294400,0.9,1,4.3
0,1,0,0,0,0,1,200,8294400,0.1,2,5.47
0,0,0,1,0,1,0,200,8294400,0.9,1,4.23
0,0,1,1,0,0,0,200,8294400,0.9,2,4.83
0,0,1,0,1,1,0,200,8294400,0.1,2,6.52
0,0,0,0,0,1,1,400,8294400,0.1,2,5.56
0,0,0,0,0,1,1,50,8294400,0.1,2,5.9
1,0,1,0,0,1,0,200,8294400,0.1,2,4.85
0,0,0,1,0,1,0,200,8294400,0.9,2,4.31
0,0,0,0,0,1,1,100,8294400,0.1,2,5.32
0,1,0,1,0,0,0,200,8294400,0.9,4,3.87
0,1,1,0,1,0,0,200,8294400,0.1,8,6.26
1,1,1,0,0,0,0,200,8294400,0.1,8,4.67
0,1,0,0,0,0,1,400,8294400,0.1,2,5.73
0,1,0,1,0,0,0,200,8294400,0.9,8,3.93
0,1,0,0,0,0,1,50,8294400,0.1,2,5.51
0,1,0,0,0,0,1,100,8294400,0.1,2,5.17
0,0,1,0,0,0,1,400,8294400,0.1,2,5.82
0,0,1,0,0,0,1,50,8294400,0.1,2,6.12
0,0,1,0,0,0,1,100,8294400,0.1,2,5.86
0,1,1,0,0,0,1,200,8294400,0.1,8,5.99
0,1,0,0,0,1,1,200,8294400,0.1,4,6.01
0,1,0,0,1,1,0,200,8294400,0.1,8,5.64
0,0,1,0,1,0,0,200,8294400,0.1,2,6.21
1,1,0,0,0,1,0,200,8294400,0.1,8,4.8
0,1,0,0,0,1,1,200,8294400,0.1,8,5.63
1,0,1,0,0,0,0,200,8294400,0.1,2,4.99
0,1,0,1,0,0,0,200,8294400,0.9,1,3.74
0,0,1,0,0,0,1,200,8294400,0.1,2,6.24
0,0,0,1,0,0,0,200,307200,0.9,2,3.16
0,0,0,1,0,0,0,200,307200,0.1,2,3.42
0,1,0,0,0,1,1,200,8294400,0.1,1,5.66
0,1,1,0,1,0,0,200,8294400,0.1,2,6.54
1,1,1,0,0,0,0,200,8294400,0.1,2,4.76
0,1,0,1,0,0,0,200,8294400,0.9,2,4.12
0,1,0,0,1,1,0,200,8294400,0.1,2,5.9
1,1,0,0,0,1,0,200,8294400,0.1,2,4.72
0,1,0,0,0,1,1,200,8294400,0.1,2,5.86
0,0,1,0,1,1,0,200,2073600,0.1,2,5.09
0,0,1,1,0,0,0,100,8294400,0.9,8,4.75
0,0,1,1,0,0,0,200,307200,0.9,8,4.31
0,0,0,1,0,1,0,200,307200,0.9,1,3.77
0,0,0,1,0,1,0,200,307200,0.9,2,3.59
0,0,0,1,0,1,0,200,307200,0.9,4,3.89
0,0,1,1,0,0,0,200,307200,0.9,1,3.97
1,0,1,0,0,1,0,200,307200,0.1,1,4.75
0,0,1,0,0,1,1,200,307200,0.1,1,6.01
0,0,1,1,0,0,0,200,307200,0.9,2,3.95
0,0,1,0,1,1,0,200,307200,0.1,2,4.62
1,0,1,0,0,1,0,200,307200,0.1,2,4.57
0,0,1,0,0,1,1,200,307200,0.1,2,6.14
0,1,0,1,0,0,0,200,307200,0.9,4,3.54
0,1,0,1,0,0,0,200,307200,0.9,1,3.18
0,1,1,0,0,0,1,200,307200,0.1,1,6.35
0,1,0,0,1,1,0,200,307200,0.1,4,3.94
1,1,0,0,0,1,0,200,307200,0.1,4,3.58
0,1,0,0,0,1,1,200,307200,0.1,4,5.89
0,1,0,0,1,1,0,200,307200,0.1,1,3.93
1,1,0,0,0,1,0,200,307200,0.1,1,3.97
0,1,0,0,0,1,1,200,307200,0.1,1,5.65
0,1,1,0,1,0,0,200,307200,0.1,2,3.92
1,1,1,0,0,0,0,200,307200,0.1,2,3.84
0,1,0,1,0,0,0,200,307200,0.9,2,3.39
0,1,1,0,0,0,1,200,307200,0.1,2,6.06
0,1,0,0,1,1,0,200,307200,0.1,2,4.01
1,1,0,0,0,1,0,200,307200,0.1,2,3.93
0,1,0,0,0,1,1,200,307200,0.1,2,5.69
1,0,1,0,0,1,0,200,2073600,0.1,2,4.85
0,0,1,1,0,0,0,100,2073600,0.9,8,4.46
0,0,1,1,0,0,0,100,8294400,0.1,8,4.77
0,0,1,1,0,0,0,100,2073600,0.1,8,4.44
1,0,1,0,0,1,0,100,8294400,0.1,8,5.24
0,0,1,0,1,1,0,100,8294400,0.1,8,6.76
0,0,1,0,0,1,1,100,8294400,0.1,8,6.74
1,0,1,0,0,1,0,100,2073600,0.1,8,4.85
0,0,1,0,1,1,0,100,2073600,0.1,8,5.15
0,0,1,0,0,1,1,100,2073600,0.1,8,6.61
0,0,0,1,0,1,0,100,8294400,0.9,8,4.51
0,0,0,1,0,1,0,100,8294400,0.1,8,4.27
0,0,0,1,0,1,0,100,307200,0.9,8,3.83
0,0,0,1,0,1,0,100,307200,0.1,8,3.87
0,0,1,1,0,0,0,100,307200,0.9,8,4.14
0,0,1,1,0,0,0,100,307200,0.1,8,4.2
1,0,1,0,0,1,0,100,307200,0.1,8,4.51
0,0,1,0,1,1,0,100,307200,0.1,8,4.48
0,0,1,0,0,1,1,100,307200,0.1,8,6.5
0,1,0,1,0,0,0,100,8294400,0.9,8,3.79
0,1,0,1,0,0,0,100,8294400,0.1,8,3.74
1,1,0,0,0,1,0,100,8294400,0.1,8,4.65
0,1,0,0,1,1,0,100,8294400,0.1,8,5.9
0,1,0,0,0,1,1,100,8294400,0.1,8,5.77
1,1,1,0,0,0,0,100,8294400,0.1,8,4.56
0,1,1,0,1,0,0,100,8294400,0.1,8,6.68
0,1,1,0,0,0,1,100,8294400,0.1,8,5.91
0,1,0,1,0,0,0,100,307200,0.9,8,3.6
0,1,0,1,0,0,0,100,307200,0.1,8,3.4
1,1,0,0,0,1,0,100,307200,0.1,8,3.88
0,1,0,0,1,1,0,100,307200,0.1,8,4.06
0,1,0,0,0,1,1,100,307200,0.1,8,5.84
1,1,1,0,0,0,0,100,307200,0.1,8,4.18
0,1,1,0,1,0,0,100,307200,0.1,8,4.22
0,1,1,0,0,0,1,100,307200,0.1,8,6.18
0,0,0,1,0,1,0,100,8294400,0.1,4,4.45
0,0,0,1,0,1,0,100,307200,0.9,4,3.6
0,0,0,1,0,1,0,100,307200,0.1,4,3.77
0,1,0,1,0,0,0,100,8294400,0.9,4,3.74
0,1,0,1,0,0,0,100,8294400,0.1,4,3.99
1,1,0,0,0,1,0,100,8294400,0.1,4,4.51
0,1,0,0,1,1,0,100,8294400,0.1,4,6.0
0,1,0,0,0,1,1,100,8294400,0.1,4,5.74
0,1,0,1,0,0,0,100,307200,0.9,4,3.41
0,1,0,1,0,0,0,100,307200,0.1,4,3.58
1,1,0,0,0,1,0,100,307200,0.1,4,3.64
0,1,0,0,1,1,0,100,307200,0.1,4,3.9
0,1,0,0,0,1,1,100,307200,0.1,4,6.06
0,0,0,1,0,1,0,100,8294400,0.9,1,4.51
0,0,0,1,0,1,0,100,8294400,0.1,1,4.41
0,0,1,1,0,0,0,100,8294400,0.9,1,4.72
0,0,1,1,0,0,0,100,8294400,0.1,1,4.79
1,0,1,0,0,1,0,100,8294400,0.1,1,5.1
0,0,1,0,1,1,0,100,8294400,0.1,1,6.57
0,0,0,1,0,1,0,100,307200,0.9,1,3.89
0,0,0,1,0,1,0,100,307200,0.1,1,3.69
0,0,1,1,0,0,0,100,307200,0.9,1,4.18
0,0,1,1,0,0,0,100,307200,0.1,1,3.84
0,1,0,1,0,0,0,100,8294400,0.9,1,3.68
0,1,0,1,0,0,0,100,8294400,0.1,1,4.02
1,1,0,0,0,1,0,100,8294400,0.1,1,4.55
0,1,0,0,1,1,0,100,8294400,0.1,1,5.45
0,1,0,0,0,1,1,100,8294400,0.1,1,6.03
1,1,1,0,0,0,0,100,8294400,0.1,1,4.97
0,1,1,0,1,0,0,100,8294400,0.1,1,6.24
0,1,0,1,0,0,0,100,307200,0.9,1,3.35
0,1,0,1,0,0,0,100,307200,0.1,1,3.21
1,1,0,0,0,1,0,100,307200,0.1,1,3.73
0,1,0,0,1,1,0,100,307200,0.1,1,3.94
0,1,0,0,0,1,1,100,307200,0.1,1,5.67
0,0,0,1,0,1,0,100,2073600,0.9,4,4.06
0,1,0,1,0,0,0,100,2073600,0.9,4,3.38
1,1,0,0,0,1,0,100,2073600,0.1,4,3.88
0,1,0,0,1,1,0,100,2073600,0.1,4,4.42
0,1,0,0,0,1,1,100,2073600,0.1,4,5.72
0,1,0,1,0,0,0,200,2073600,0.9,4,3.52
0,1,0,0,0,1,1,200,2073600,0.1,4,5.75
0,1,0,1,0,0,0,200,2073600,0.9,1,3.84
0,1,0,0,0,1,1,200,2073600,0.1,1,5.84
0,0,1,1,0,0,0,100,2073600,0.9,1,4.37
1,0,1,0,0,1,0,100,2073600,0.1,1,5.29
0,0,1,0,1,1,0,100,2073600,0.1,1,4.97
0,0,0,1,0,1,0,100,2073600,0.9,1,3.92
1,1,1,0,0,0,0,100,2073600,0.1,1,4.19
0,1,1,0,1,0,0,100,2073600,0.1,1,4.91
0,1,0,1,0,0,0,100,2073600,0.9,1,3.68
1,1,0,0,0,1,0,100,2073600,0.1,1,4.16
0,1,0,0,1,1,0,100,2073600,0.1,1,4.31
0,1,0,0,0,1,1,100,2073600,0.1,1,5.76
0,0,0,1,0,1,0,100,2073600,0.1,4,4.2
0,1,0,1,0,0,0,100,2073600,0.1,4,3.74
0,0,1,1,0,0,0,100,2073600,0.1,1,4.58
0,0,0,1,0,1,0,100,2073600,0.1,1,3.8
0,1,0,1,0,0,0,100,2073600,0.1,1,3.71
0,0,0,1,0,1,0,200,8294400,0.1,4,4.53
0,0,0,1,0,1,0,200,307200,0.1,4,3.94
0,1,0,1,0,0,0,200,8294400,0.1,4,4.36
0,1,0,1,0,0,0,200,2073600,0.1,4,3.65
0,1,0,1,0,0,0,200,307200,0.1,4,3.49
0,0,1,1,0,0,0,200,307200,0.1,1,4.31
0,0,0,1,0,1,0,200,307200,0.1,1,3.56
0,1,0,1,0,0,0,200,307200,0.1,1,3.48
0,0,1,1,0,0,0,200,307200,0.1,8,4.18
0,0,1,1,0,0,0,200,8294400,0.1,8,4.73
0,0,0,1,0,1,0,200,307200,0.1,8,3.87
0,0,0,1,0,1,0,200,8294400,0.1,8,4.47
0,1,0,1,0,0,0,200,307200,0.1,8,3.41
0,1,0,1,0,0,0,200,8294400,0.1,8,4.14
0,0,1,1,0,0,0,200,8294400,0.1,1,4.71
0,0,0,1,0,1,0,200,8294400,0.1,1,4.52
0,1,0,1,0,0,0,200,8294400,0.1,1,4.05
0,0,0,1,0,1,0,200,307200,0.9,8,3.95
0,0,1,0,0,1,1,200,307200,0.1,8,6.63
0,1,0,1,0,0,0,200,307200,0.9,8,3.33
1,1,1,0,0,0,0,200,307200,0.1,8,4.16
0,1,1,0,1,0,0,200,307200,0.1,8,3.98
0,1,1,0,0,0,1,200,307200,0.1,8,6.19
1,1,0,0,0,1,0,200,307200,0.1,8,3.83
0,1,0,0,1,1,0,200,307200,0.1,8,3.98
0,1,0,0,0,1,1,200,307200,0.1,8,5.68
0,0,1,1,0,0,0,200,307200,0.1,2,4.19
0,0,1,1,0,0,0,200,8294400,0.1,2,4.8
0,0,0,1,0,1,0,200,307200,0.1,2,3.54
0,0,0,1,0,1,0,200,8294400,0.1,2,4.36
0,1,0,1,0,0,0,200,307200,0.1,2,3.72
0,1,0,1,0,0,0,200,8294400,0.1,2,4.09
0,0,0,1,0,1,0,200,2073600,0.9,8,3.99
0,0,1,0,0,1,1,200,2073600,0.1,8,6.26
0,1,0,1,0,0,0,200,2073600,0.9,8,3.76
1,1,1,0,0,0,0,200,2073600,0.1,8,4.58
0,1,1,0,1,0,0,200,2073600,0.1,8,4.67
0,1,1,0,0,0,1,200,2073600,0.1,8,6.11
1,1,0,0,0,1,0,200,2073600,0.1,8,4.1
0,1,0,0,1,1,0,200,2073600,0.1,8,4.53
0,1,0,0,0,1,1,200,2073600,0.1,8,5.82
0,1,0,1,0,0,0,200,2073600,0.9,2,3.88
1,1,1,0,0,0,0,200,2073600,0.1,2,4.74
0,1,1,0,1,0,0,200,2073600,0.1,2,4.96
1,1,0,0,0,1,0,200,2073600,0.1,2,4.33
0,1,0,0,1,1,0,200,2073600,0.1,2,4.35
0,1,0,0,0,1,1,200,2073600,0.1,2,5.81
0,1,0,1,0,0,0,200,2073600,0.1,8,3.32
0,1,0,1,0,0,0,200,2073600,0.1,1,3.77
0,1,0,1,0,0,0,200,2073600,0.1,2,3.7
0,0,0,1,0,1,0,100,2073600,0.9,8,3.99
0,0,1,1,0,0,0,100,2073600,0.9,2,4.51
0,0,0,1,0,1,0,100,2073600,0.9,2,4.06
1,0,1,0,0,1,0,100,2073600,0.1,2,5.14
0,0,1,0,1,1,0,100,2073600,0.1,2,5.29
0,0,0,1,0,1,0,100,2073600,0.1,8,4.06
0,0,1,1,0,0,0,100,2073600,0.1,2,4.44
0,0,0,1,0,1,0,100,2073600,0.1,2,4.05
0,0,1,1,0,0,0,100,307200,0.9,2,4.31
0,0,0,1,0,1,0,100,307200,0.9,2,4.13
1,0,1,0,0,1,0,100,307200,0.1,2,4.51
0,0,1,0,1,1,0,100,307200,0.1,2,4.62
0,0,1,0,0,1,1,100,307200,0.1,2,6.39
0,0,1,1,0,0,0,100,307200,0.1,2,4.27
0,0,0,1,0,1,0,100,307200,0.1,2,3.6
0,0,1,1,0,0,0,100,8294400,0.9,2,4.71
0,0,0,1,0,1,0,100,8294400,0.9,2,4.46
1,0,1,0,0,1,0,100,8294400,0.1,2,5.0
0,0,1,0,1,1,0,100,8294400,0.1,2,6.98
0,0,1,1,0,0,0,100,8294400,0.1,2,4.76
0,0,0,1,0,1,0,100,8294400,0.1,2,4.31
0,1,0,1,0,0,0,100,2073600,0.9,8,3.81
1,1,1,0,0,0,0,100,2073600,0.1,8,4.47
0,1,1,0,1,0,0,100,2073600,0.1,8,5.07
0,1,1,0,0,0,1,100,2073600,0.1,8,6.17
1,1,0,0,0,1,0,100,2073600,0.1,8,4.27
0,1,0,0,1,1,0,100,2073600,0.1,8,4.57
0,1,0,0,0,1,1,100,2073600,0.1,8,5.76
0,1,0,1,0,0,0,100,2073600,0.9,2,3.85
1,1,1,0,0,0,0,100,2073600,0.1,2,4.49
0,1,1,0,1,0,0,100,2073600,0.1,2,4.86
1,1,0,0,0,1,0,100,2073600,0.1,2,4.14
0,1,0,0,1,1,0,100,2073600,0.1,2,4.71
0,1,0,0,0,1,1,100,2073600,0.1,2,5.56
0,1,0,1,0,0,0,100,8294400,0.9,2,4.08
1,1,1,0,0,0,0,100,8294400,0.1,2,4.48
0,1,1,0,1,0,0,100,8294400,0.1,2,6.84
1,1,0,0,0,1,0,100,8294400,0.1,2,4.32
0,1,0,0,1,1,0,100,8294400,0.1,2,5.81
0,1,0,0,0,1,1,100,8294400,0.1,2,5.93
0,1,0,1,0,0,0,100,2073600,0.1,8,3.73
0,1,0,1,0,0,0,100,8294400,0.1,2,3.82
0,1,0,1,0,0,0,100,2073600,0.1,2,3.45
0,1,0,1,0,0,0,100,307200,0.9,2,3.39
0,1,0,1,0,0,0,100,307200,0.1,2,3.37
1,1,1,0,0,0,0,100,307200,0.1,2,4.34
0,1,1,0,1,0,0,100,307200,0.1,2,4.43
0,1,1,0,0,0,1,100,307200,0.1,2,6.13
1,1,0,0,0,1,0,100,307200,0.1,2,3.76
0,1,0,0,1,1,0,100,307200,0.1,2,3.97
0,1,0,0,0,1,1,100,307200,0.1,2,5.73
