OPTIMIZE_IN_SELECT,OPTIMIZE_INSERT_FROM_SELECT,OPTIMIZE_TWO_EQUALS,OPTIMIZE_IN_LIST,OPTIMIZE_EVALUATABLE_SUBQUERIES,PAGE_STORE_TRIM,RECOMPILE_ALWAYS,COMPRESS,IGNORE_CATALOGS,OPTIMIZE_OR,PAGE_STORE_INTERNAL_COUNT,REUSE_SPACE,DROP_RESTRICT,DEFRAG_ALWAYS,OPTIMIZE_DISTINCT,MVSTORE,throughput
1,1,1,1,1,0,1,1,1,1,0,1,1,1,1,1,14568.2802395099
1,1,1,1,1,1,1,1,1,1,1,1,0,1,1,0,12217.471107106
1,1,1,1,1,1,1,1,1,1,1,0,1,1,1,0,11926.4668752832
1,1,1,1,1,1,1,1,1,1,0,1,1,1,1,0,12160.649200104
1,1,1,1,1,1,1,1,1,0,1,1,1,1,1,0,12755.8447124724
1,1,1,1,1,1,1,1,0,1,1,1,1,1,1,0,12387.6801469235
1,1,1,1,1,1,1,0,1,1,1,1,1,1,1,0,11754.4424552078
1,1,1,1,1,1,0,1,1,1,1,1,1,1,1,0,13069.2644379221
1,1,1,1,1,1,1,1,1,1,1,1,1,1,1,0,12163.8813554862
1,1,1,1,1,0,1,1,1,1,1,1,1,1,1,0,11899.3670830946
1,1,1,1,0,1,1,1,1,1,1,1,1,1,1,0,11964.4701959875
1,1,1,0,1,1,1,1,1,1,1,1,1,1,1,0,11789.5563092481
1,0,1,1,1,1,1,1,1,1,1,1,1,1,1,0,12317.9431879877
0,1,1,1,1,1,1,1,1,1,1,1,1,1,1,0,11477.9028489395
0,0,0,0,0,0,0,0,0,0,0,0,0,1,1,0,12967.4472230212
1,0,0,0,0,0,0,0,0,0,0,0,0,0,1,0,12629.8375767103
0,0,0,0,0,0,0,0,0,0,0,0,1,0,1,0,12665.6358581273
0,0,0,0,0,0,0,0,0,0,0,1,0,0,1,1,18272.8924892321
0,0,0,0,0,0,0,0,0,0,1,0,0,0,1,0,13463.5159380699
0,0,0,0,0,0,0,0,0,1,0,0,0,0,1,1,18145.8643769463
0,0,0,0,0,0,0,0,1,0,0,0,0,0,1,1,17667.5375214182
0,0,0,0,0,0,0,1,0,0,0,0,0,0,1,1,17476.8292559023
0,0,0,0,0,0,1,0,0,0,0,0,0,0,1,1,15111.1623844651
0,0,0,0,0,0,0,0,0,0,0,0,0,0,1,1,18037.6863572576
0,0,0,0,0,1,0,0,0,0,0,0,0,0,1,0,12643.869550369
0,0,0,0,1,0,0,0,0,0,0,0,0,0,1,0,13349.0446512617
0,0,0,1,0,0,0,0,0,0,0,0,0,0,1,0,12944.764150607
0,0,1,0,0,0,0,0,0,0,0,0,0,0,1,1,18651.4113568278
0,1,0,0,0,0,0,0,0,0,0,0,0,0,1,0,12450.9225915766
1,0,0,0,0,0,0,0,0,0,0,0,0,0,1,1,19022.6676559865
0,0,0,0,1,0,0,0,0,0,0,0,0,1,0,0,12705.0906587735
0,0,0,0,0,0,0,0,0,0,0,0,1,1,0,0,12851.6025421294
0,0,0,0,0,0,0,0,0,0,0,1,0,1,0,0,12964.0971482082
0,0,0,0,0,0,0,0,0,0,1,0,0,1,0,0,13251.881416572
0,0,0,0,0,0,0,0,0,1,0,0,0,1,0,1,17113.1545903641
0,0,0,0,0,0,0,0,1,0,0,0,0,1,0,0,13063.0339278393
0,0,0,0,0,0,1,0,0,0,0,0,0,1,0,0,11966.3651109525
0,0,0,0,0,0,0,0,0,0,0,0,0,1,0,1,17175.6099183018
0,0,0,0,0,1,0,0,0,0,0,0,0,1,0,0,12297.5803770143
0,0,0,0,1,0,0,0,0,0,0,0,0,1,0,1,17484.0818271994
0,0,0,1,0,0,0,0,0,0,0,0,0,1,0,0,12815.1583032117
0,0,1,0,0,0,0,0,0,0,0,0,0,1,0,0,12579.9925879761
0,1,0,0,0,0,0,0,0,0,0,0,0,1,0,0,12903.4412773875
1,0,0,0,0,0,0,0,0,0,0,0,0,1,0,0,12835.9619064761
0,0,0,0,0,1,0,0,0,0,0,0,1,0,0,0,12541.2884235547
0,0,0,0,0,0,0,0,0,0,0,1,0,0,0,0,13186.0971670447
0,0,0,0,0,1,0,0,1,0,0,0,0,0,0,0,12455.7082244632
0,0,0,0,0,0,0,1,0,0,0,0,0,0,0,0,12688.7143572706
0,0,0,0,0,0,1,1,0,0,0,0,0,0,0,0,11754.228684064
0,0,0,0,0,1,0,1,0,0,0,0,0,0,0,0,13088.3661805932
0,0,0,0,1,0,0,0,0,0,0,1,0,0,0,0,12298.3879055604
0,0,0,1,0,0,0,0,0,1,0,0,0,0,0,0,13017.0877945276
0,0,1,0,0,0,0,0,0,0,0,0,0,0,0,0,12570.1044754118
0,1,0,0,0,0,0,0,0,0,0,0,0,0,0,0,12392.3786846656
0,0,0,0,0,0,0,0,0,0,0,1,1,0,0,1,18392.9140859184
0,0,0,0,0,0,0,0,0,1,0,0,1,0,0,1,18780.9476318777
0,0,0,0,0,0,0,0,1,0,0,0,1,0,0,0,12310.5098334823
0,0,0,0,0,0,0,1,0,0,0,0,1,0,0,0,12517.1513291925
0,0,0,0,0,0,1,0,0,0,0,0,1,0,0,0,11794.807449825
0,0,0,0,0,0,0,0,0,0,0,0,1,0,0,1,18289.872019752
0,0,0,1,0,1,0,0,0,0,0,0,1,0,0,0,12465.9545575296
0,0,0,0,1,0,0,0,0,0,0,0,1,0,0,1,18374.2636145477
0,0,0,1,0,0,0,0,0,0,0,0,1,0,0,0,12788.1993657249
0,0,1,0,0,0,0,0,0,0,0,0,1,0,0,0,12418.1122438914
0,1,0,0,0,0,0,0,0,0,0,0,1,0,0,0,13062.5621690598
1,0,0,0,0,0,0,0,0,0,0,0,1,0,0,1,18852.03773914
0,0,0,0,0,0,0,0,0,0,1,1,0,0,0,0,11618.0673119549
0,0,0,0,0,0,0,0,0,1,0,1,0,0,0,1,18154.4392326606
0,0,0,0,0,0,0,0,1,0,0,1,0,0,0,1,18528.5035264986
0,0,0,0,0,0,0,1,0,0,0,1,0,0,0,0,11974.8519293592
0,0,0,0,0,0,1,0,0,0,0,1,0,0,0,0,11652.4873839402
0,0,0,0,0,0,0,1,0,0,0,1,0,0,0,1,16763.9395742266
0,0,0,0,0,1,0,0,0,0,0,1,0,0,0,0,12427.2453999029
0,0,0,0,1,0,0,0,0,0,0,1,0,0,0,1,17689.0842230182
0,0,0,1,0,0,0,0,0,0,0,1,0,0,0,0,12852.4905610869
0,0,1,0,0,0,0,0,0,0,0,1,0,0,0,0,12144.1876937576
0,1,0,0,0,0,0,0,0,0,0,1,0,0,0,1,18048.2511404859
1,0,0,0,0,0,0,0,0,0,0,1,0,0,0,0,12635.4903771473
0,0,0,0,0,0,0,0,0,1,1,0,0,0,0,0,12733.1469408797
0,0,0,0,0,0,0,0,1,0,1,0,0,0,0,0,11897.8632122496
0,0,0,0,0,0,0,1,0,0,1,0,0,0,0,0,12832.5079744082
0,0,0,0,0,0,1,0,0,0,1,0,0,0,1,0,11846.7627821825
0,0,0,0,0,1,0,0,0,0,1,0,0,0,0,0,12540.7010317886
0,0,0,0,1,0,0,0,0,0,1,0,0,0,0,0,12962.4061098417
0,0,0,1,0,0,0,0,0,0,1,0,0,0,0,0,12680.9059756793
0,1,0,0,0,0,0,0,0,0,1,0,0,0,0,0,11983.7791004723
1,0,0,0,0,0,0,0,0,0,1,0,0,0,0,0,12303.0715612578
0,0,0,0,0,0,0,0,1,1,0,0,0,0,0,1,19139.3725147085
0,0,0,0,0,0,0,1,0,1,0,0,0,0,0,1,17473.1715785328
0,0,0,0,0,0,1,0,0,1,0,0,0,0,0,1,15182.7096369092
0,0,0,0,0,0,0,0,0,1,0,0,0,0,0,1,17947.4085919485
0,0,0,0,0,1,0,0,0,1,0,0,0,0,0,0,12604.2946795171
0,0,0,0,1,0,0,0,0,1,0,0,0,0,0,1,18711.6001492207
0,0,0,1,0,0,0,0,0,1,0,0,0,0,0,1,18282.70413174
0,0,1,0,0,0,0,0,0,1,0,0,0,0,0,0,11857.1035379908
0,1,0,0,0,0,0,0,0,1,0,0,0,0,0,0,12698.4585032823
1,0,0,0,0,0,0,0,0,1,0,0,0,0,0,0,12162.0606786575
0,0,0,0,0,0,0,1,1,0,0,0,0,0,0,1,17050.6937882843
0,0,0,0,0,0,1,0,1,0,0,0,0,0,0,1,14840.8760944656
0,0,0,0,0,0,0,0,1,0,0,0,0,0,0,1,18108.8370301329
0,0,0,0,0,1,0,0,1,0,0,0,0,1,0,0,13264.5286824443
0,0,0,0,1,0,0,0,1,0,0,0,0,0,0,0,12571.7525602918
0,0,0,1,0,0,0,0,1,0,0,0,0,0,0,0,11716.3817074406
0,0,1,0,0,0,0,0,1,0,0,0,0,0,0,1,19033.6927551815
0,1,0,0,0,0,0,0,1,0,0,0,0,0,0,0,12511.2116734769
1,0,0,0,0,0,0,0,1,0,0,0,0,0,0,1,18122.8448162017
0,0,0,0,0,0,1,1,0,0,0,0,0,0,0,1,13535.9460553379
0,0,0,0,0,0,0,1,0,0,0,0,1,0,0,1,17015.4470858701
0,0,1,0,0,1,0,1,0,0,0,0,0,0,0,0,12032.9925451305
0,0,0,0,1,0,0,1,0,0,0,0,0,0,0,0,12211.3772949929
0,0,0,1,0,0,0,1,0,0,0,0,0,0,0,1,17840.919262179
0,0,1,0,0,0,0,1,0,0,0,0,0,0,0,0,13136.6811155245
0,1,0,0,0,0,0,1,0,0,0,0,0,0,0,0,12585.4803342728
1,0,0,0,0,0,0,1,0,0,0,0,0,0,0,0,12244.6179257017
0,0,0,0,0,0,1,0,0,0,0,0,0,0,0,1,15090.805396244
0,0,0,0,0,1,1,0,0,0,0,0,0,0,0,0,12186.516198069
0,0,0,0,1,0,1,0,0,0,0,0,0,0,0,0,11796.8779466823
0,0,0,1,0,0,1,0,0,0,0,0,0,0,0,0,11635.605078131
0,0,1,0,0,0,1,0,0,0,0,0,0,0,0,0,11620.2436669967
0,1,0,0,0,0,1,0,0,0,0,0,0,0,0,1,15267.4946886658
0,0,0,0,1,0,0,0,0,0,0,0,0,0,0,1,18645.9142789085
0,0,0,1,0,0,0,0,0,0,0,0,0,0,0,1,18632.7290161389
0,0,1,0,0,0,0,0,0,0,0,0,1,0,0,1,18691.7454364104
0,1,0,0,0,0,0,0,0,0,0,0,0,0,1,1,18445.8963381207
1,0,0,0,0,0,0,0,0,0,0,0,0,1,0,1,17305.3526743053
0,0,0,0,1,1,0,0,0,0,0,0,0,0,0,0,12748.4575892
0,0,0,1,0,1,0,0,0,0,0,0,0,0,0,0,12833.6183581555
0,0,1,0,0,1,0,0,0,0,0,0,0,0,0,0,11901.8706390396
0,1,0,0,0,1,0,0,0,0,0,0,0,0,0,0,12160.5138046897
1,0,0,0,0,1,0,0,0,0,0,0,0,0,0,0,12235.2990764275
0,0,0,1,1,0,0,0,0,0,0,0,0,0,0,0,13204.1664502026
0,0,1,0,1,0,0,0,0,0,0,0,0,0,0,1,18175.2652859323
0,1,0,0,1,0,0,0,0,0,0,0,0,0,0,0,12492.8512456539
1,0,0,0,1,0,0,0,0,0,0,0,0,0,0,0,12865.385250775
0,0,1,1,0,0,0,0,0,0,0,0,0,0,0,0,12649.4634349612
0,1,0,1,0,0,0,0,0,0,0,0,0,0,0,1,18466.6903528615
1,0,0,1,0,0,0,0,0,0,0,0,0,0,0,0,12487.823220711
0,1,1,0,0,0,0,0,0,0,0,0,0,0,0,1,17603.3465251944
1,0,1,0,0,0,0,0,0,0,0,0,0,0,0,1,18667.2505181736
1,1,0,0,0,0,0,0,0,0,0,0,0,0,0,1,17896.371821336
1,1,1,1,1,1,1,1,1,1,1,1,1,0,0,0,11839.3986430566
1,1,1,1,1,0,1,1,1,1,0,1,1,1,0,1,14093.31118525
1,1,1,1,1,1,1,1,1,1,1,1,0,1,0,0,12679.6433461161
1,1,1,1,1,1,1,1,1,1,1,0,1,1,0,0,11512.3463207174
1,1,1,1,1,1,1,1,1,1,0,1,1,1,0,0,12314.1666898264
1,1,1,1,1,1,1,1,1,0,1,1,1,1,0,0,11666.8346530568
1,1,1,1,1,1,1,1,0,1,1,1,1,1,0,0,11726.8924721492
1,1,1,1,1,1,1,0,1,1,1,1,1,1,0,0,11491.7519979943
1,1,1,1,1,1,0,1,1,1,1,1,1,1,0,0,12898.7073029869
1,1,1,0,1,1,1,1,1,1,1,1,1,1,0,0,11853.1084420358
1,1,1,1,1,0,1,1,1,1,1,1,1,1,0,0,10545.8651274495
1,1,1,1,0,1,1,1,1,1,1,1,1,1,0,0,11808.6406711268
1,1,1,0,1,1,0,1,1,1,1,1,1,1,0,0,12496.1188612742
1,1,0,1,1,1,1,1,1,1,1,1,1,1,0,0,11776.702009481
1,0,1,1,1,1,1,1,1,1,1,1,1,1,0,0,11902.567116284
0,1,1,1,1,1,1,1,1,1,1,1,1,1,0,0,11567.9387906673
1,1,1,1,1,0,1,1,1,1,0,1,1,0,1,1,14176.9067546428
1,1,1,1,1,1,1,1,1,1,1,1,0,0,1,0,11486.0924984423
1,1,1,1,1,1,1,1,1,1,1,0,1,0,1,0,11447.9595068249
1,1,1,1,1,1,1,1,1,1,0,1,1,0,1,0,11787.3408855032
1,1,1,1,1,1,1,1,1,0,1,1,1,0,1,0,11355.9694185636
1,1,1,1,1,1,1,1,0,1,1,1,1,0,1,0,11283.2833331453
1,1,1,1,1,1,1,0,1,1,1,1,1,0,1,0,11751.9459842274
1,1,1,1,1,1,0,1,1,1,1,1,1,0,1,0,12162.3494421091
1,0,1,1,1,1,1,1,1,1,1,1,1,0,1,0,11516.9922110582
1,1,1,1,1,0,1,1,1,1,1,1,1,0,1,0,11675.2219442198
1,1,1,1,0,1,1,1,1,1,1,1,1,0,1,0,10939.6516757517
1,1,1,0,1,1,1,1,1,1,1,1,1,0,1,0,11611.8827361859
1,1,0,1,1,1,1,1,1,1,1,1,1,0,1,0,11822.8314018921
1,0,1,1,1,1,1,1,1,1,1,1,1,0,0,0,11457.5354376355
0,1,1,1,1,1,1,1,1,1,1,1,1,0,1,0,11060.6793961002
1,1,1,1,1,0,1,1,1,1,0,1,0,1,1,1,14121.870635863
1,1,1,1,1,0,1,1,1,1,0,0,1,1,1,1,13981.3593709644
1,1,1,1,1,0,1,0,1,1,0,1,1,1,1,1,14129.3551110189
1,1,1,1,1,0,1,1,1,0,0,1,1,1,1,1,14028.7144102594
1,1,1,1,1,0,1,1,0,1,0,1,1,1,1,1,14004.9593575689
1,1,1,1,1,0,1,0,0,1,0,1,1,1,1,1,14109.0255808589
1,1,1,1,1,0,0,1,1,1,0,1,1,1,1,1,16958.8208075752
1,1,1,0,1,0,1,1,1,1,0,1,1,1,1,1,14344.1022755134
1,1,1,1,0,0,1,1,1,1,0,1,1,1,1,1,13838.7033400925
1,1,0,0,1,0,1,1,1,1,0,1,1,1,1,1,13984.6511700191
1,1,0,1,1,0,1,1,1,1,0,1,1,1,1,1,13969.1974539325
1,0,1,1,1,0,1,1,1,1,0,1,1,1,1,1,14211.8544753891
0,1,1,1,1,0,1,1,1,1,0,1,1,1,1,1,14053.5226361294
1,1,1,1,1,1,1,1,1,1,1,0,0,1,1,0,11829.8571091276
1,1,1,1,1,1,1,1,1,1,0,1,0,1,1,0,12117.6336193823
1,1,1,1,1,1,1,1,1,0,1,1,0,1,1,0,12287.4578004467
1,1,1,1,1,1,1,1,0,1,1,1,0,1,1,0,12049.5047071019
1,1,1,1,1,1,1,0,1,1,1,1,0,1,1,0,11916.6272274522
1,1,1,1,1,1,0,1,1,1,1,1,0,1,1,0,12755.5549748673
1,1,1,0,1,1,1,1,1,1,1,1,0,1,1,0,11935.7888555539
1,1,1,1,1,0,1,1,1,1,1,1,0,1,1,0,12031.0975702175
1,1,1,1,0,1,1,1,1,1,1,1,0,1,1,0,11902.1696517792
1,1,0,0,1,1,1,1,1,1,1,1,0,1,1,0,10793.9614151153
1,1,0,1,1,1,1,1,1,1,1,1,0,1,1,0,11953.3552369795
0,1,1,1,1,1,1,1,1,1,1,1,0,1,1,0,11628.4307859562
1,1,1,1,1,1,1,1,1,1,0,0,1,1,1,0,11552.7003357695
1,1,1,1,1,1,1,1,1,0,1,0,1,1,1,0,11602.8719675467
1,1,1,1,1,1,1,1,0,1,1,0,1,1,1,0,11444.3845397809
1,1,1,1,1,1,1,0,1,1,1,0,1,1,1,0,11686.6588926274
1,1,1,1,1,1,0,1,1,1,1,0,1,1,1,0,12775.7472149207
1,1,1,1,0,1,1,1,1,1,1,0,1,1,1,0,11809.4744447985
1,1,1,1,1,0,1,1,1,1,1,0,1,1,1,0,11483.9346551067
1,1,1,1,0,1,1,1,1,0,1,0,1,1,1,0,12084.2425480871
1,1,1,0,1,1,1,1,1,1,1,0,1,1,1,0,11664.7402599363
1,1,0,1,1,1,1,1,1,1,1,0,1,1,1,0,12495.8955901984
1,0,1,1,1,1,1,1,1,1,1,0,1,1,1,0,12108.3596174382
0,1,1,1,1,1,1,1,1,1,1,0,1,1,1,0,12061.5057459783
1,1,1,1,1,1,1,1,1,0,0,1,1,1,1,0,11859.9726480986
1,1,1,1,1,1,1,1,0,1,0,1,1,1,1,0,12041.1508551868
1,1,1,1,1,1,1,0,1,1,0,1,1,1,1,0,11193.5640912518
1,1,1,1,0,1,1,1,1,1,0,1,1,1,1,0,11797.7431612212
1,1,1,1,1,0,1,1,1,1,0,1,1,1,1,0,11443.5951243376
0,1,1,1,0,1,1,1,1,1,0,1,1,1,1,0,11961.663279103
1,1,1,0,1,1,1,1,1,1,0,1,1,1,1,0,11299.2328297173
1,1,0,1,1,1,1,1,1,1,0,1,1,1,1,0,11461.5224315996
1,0,1,1,1,1,1,1,1,1,0,1,1,1,1,0,11977.0923552836
0,1,1,1,1,1,1,1,1,1,0,1,1,1,1,0,11451.9432988376
1,1,1,1,1,1,1,1,0,0,1,1,1,1,1,0,12639.3276799851
1,1,1,1,1,1,1,0,1,0,1,1,1,1,1,0,12148.4294353073
1,1,1,1,1,1,0,1,1,0,1,1,1,1,1,0,12179.8244513824
0,1,1,1,1,1,1,1,1,0,1,1,1,1,1,0,11568.1822765876
1,1,1,1,0,1,1,1,1,0,1,1,1,1,1,0,12464.726646423
1,1,1,0,1,1,1,1,1,0,1,1,1,1,1,0,12376.0123822974
1,1,0,1,1,1,1,1,1,0,1,1,1,1,1,0,11740.605428135
1,0,1,1,1,1,1,1,1,0,1,1,1,1,1,0,12043.5291061678
0,1,1,1,1,1,1,1,1,0,0,1,1,1,1,0,11788.8088088779
1,1,1,1,1,1,1,0,0,1,1,1,1,1,1,0,11820.5827083761
1,1,1,1,1,1,0,1,0,1,1,1,1,1,1,0,12544.5051068589
1,1,1,1,0,1,1,1,0,1,1,1,1,1,1,0,11689.1748997228
1,1,1,1,1,0,1,1,0,1,1,1,1,1,1,0,11502.6217139074
1,1,1,1,0,1,1,1,0,1,1,0,1,1,1,0,11184.6879420545
1,1,1,0,1,1,1,1,0,1,1,1,1,1,1,0,11864.4498844546
1,1,0,1,1,1,1,1,0,1,1,1,1,1,1,0,11596.9362481624
1,0,1,1,1,1,1,1,0,1,1,1,1,1,1,0,9544.84500028133
1,1,1,1,1,1,0,0,1,1,1,1,1,1,1,0,12409.7035746616
0,1,1,1,1,1,1,0,1,1,1,1,1,1,1,0,11781.1009226257
1,1,1,1,1,0,1,0,1,1,1,1,1,1,1,0,11636.7979694117
1,1,1,1,0,1,1,0,1,1,1,1,1,1,1,0,11890.0051998496
1,1,1,0,1,1,1,0,1,1,1,1,1,1,1,0,11239.5415226896
1,1,0,1,1,1,1,0,1,1,1,1,1,1,1,0,12790.3748006524
1,0,1,1,1,1,1,0,1,1,1,1,1,1,1,0,12375.4648130472
0,1,1,1,1,1,1,0,1,1,1,1,1,1,0,0,12046.7074726195
1,1,1,1,1,0,0,1,1,1,1,1,1,1,1,0,11578.902733773
1,1,1,1,0,1,0,1,1,1,1,1,1,1,1,0,12491.881909031
1,1,1,0,1,1,0,1,1,1,1,1,1,1,1,0,12573.7877163103
1,1,0,1,1,1,0,1,1,1,1,1,0,1,1,0,11407.8468333199
1,0,1,1,1,1,0,1,1,1,1,1,1,1,1,0,12072.6180825322
0,1,1,1,1,1,0,1,1,1,1,1,1,1,1,0,12657.7848310225
0,1,1,1,1,0,1,1,1,1,1,1,1,1,1,0,11902.5763929042
1,1,1,1,0,0,1,1,1,1,1,1,1,1,1,0,11623.9348361663
1,0,1,0,1,1,1,1,1,1,1,1,1,1,1,0,11809.5423457025
0,1,0,1,1,1,1,1,1,1,1,1,1,1,1,0,11830.7308260071
1,0,0,1,1,1,1,1,1,1,1,1,1,1,1,0,11629.9141587565
0,1,1,0,1,1,1,1,1,1,1,1,1,1,1,0,11839.7325838258
1,1,1,1,0,0,1,1,1,1,0,1,1,1,1,0,11509.3959391647
1,1,1,0,1,0,1,1,1,1,1,1,1,1,1,0,11811.054533258
1,1,0,1,1,0,1,1,1,1,1,1,1,1,1,0,11509.0073211354
1,0,1,1,1,0,1,1,1,1,1,1,1,1,1,0,11619.7199745165
0,1,1,1,1,0,1,1,1,1,1,1,1,0,1,0,11740.8177317434
1,1,1,0,0,1,1,1,1,1,1,1,1,1,1,0,12538.3557524459
1,0,1,1,0,1,1,1,1,1,1,1,1,1,1,0,11869.2502596675
0,1,1,1,0,1,1,1,1,1,1,1,1,1,1,0,11615.5747314195
1,0,1,0,1,0,1,1,1,1,1,1,1,1,1,0,11625.4660259761
0,1,1,0,1,1,0,1,1,1,1,1,1,1,1,0,13527.6260951967
1,0,0,1,1,1,1,1,1,1,1,1,1,0,1,0,11663.7229180855
0,1,0,0,1,1,1,1,1,1,1,1,1,1,1,0,11920.9076961836
0,0,1,1,1,1,1,1,1,1,1,1,1,1,1,0,11416.6146285955
1,1,1,1,0,0,1,1,1,1,0,1,1,0,0,1,14015.5383297209
0,1,1,0,0,0,1,0,0,0,0,0,0,0,1,1,15164.3375928706
0,0,0,0,0,0,1,1,1,1,0,0,0,0,1,0,11472.9189207967
0,1,0,1,0,1,1,0,0,0,1,1,0,1,0,0,11799.3634798558
0,0,0,0,0,0,0,0,0,0,0,1,0,0,1,0,12313.1244469055
1,1,1,1,1,0,1,1,0,0,0,1,1,0,1,0,11295.8061823346
1,1,1,1,1,0,1,1,0,1,0,0,0,0,1,1,14348.8219173446
0,0,0,0,0,0,1,1,0,1,0,0,0,1,1,0,11378.0813992491
0,0,0,0,0,0,1,0,1,1,1,0,0,1,0,0,11935.3300296431
1,1,0,1,0,0,0,0,0,0,0,0,0,0,0,1,17943.5009542485
1,1,1,1,0,0,1,0,1,0,0,1,0,1,1,1,14621.7254774637
0,0,0,0,0,0,1,0,1,0,0,0,0,1,0,1,14134.1056724313
0,0,0,0,0,0,1,0,1,1,0,0,0,1,1,0,11628.1133785621
1,1,1,1,1,1,1,0,0,1,1,1,0,1,1,0,11687.8257954451
0,0,0,0,0,0,0,0,1,0,0,1,1,0,1,1,18482.2802423371
1,0,0,0,0,0,0,1,1,1,0,0,0,1,1,0,12021.7285196319
1,1,1,1,1,0,1,0,0,0,0,1,1,1,1,0,11860.1373933107
1,1,1,0,1,1,1,1,1,1,1,0,1,0,1,0,11699.0529875529
0,1,0,0,1,0,0,1,1,1,1,0,0,0,1,0,11962.7329852941
0,1,0,0,1,0,0,1,1,1,0,0,1,1,1,1,16803.1175535309
0,1,0,0,1,0,0,0,1,1,1,0,0,1,1,0,12017.0328371518
1,0,1,1,1,0,1,1,0,1,0,1,1,1,1,1,14020.0605692676
1,1,1,1,1,0,0,1,0,0,0,1,1,1,1,0,12049.6841612194
1,1,1,0,1,1,0,1,1,1,1,0,1,1,1,0,10742.6998559198
0,0,0,0,0,0,1,1,1,1,0,0,0,1,0,0,11686.951810313
1,1,1,1,0,0,1,1,0,1,0,1,1,1,1,1,14108.5609426968
0,1,0,0,1,0,0,1,1,1,1,0,0,1,0,0,11935.8715739509
0,0,0,0,0,0,1,0,1,0,0,0,0,0,1,1,15463.484843146
1,1,1,1,1,0,1,1,0,0,0,1,1,1,0,0,11724.4017973102
1,1,1,0,1,1,1,1,1,1,1,0,1,1,0,0,11470.7386226225
1,1,1,1,1,0,1,1,0,1,0,1,0,1,1,1,14103.8134165106
1,0,1,1,0,0,0,1,0,0,0,1,1,0,0,1,16384.0368867733
1,0,0,0,0,0,1,0,1,1,0,0,0,1,0,0,11669.1615617036
0,0,0,0,0,0,0,1,1,0,0,1,1,0,0,1,16060.9441728009
0,1,0,0,1,0,1,0,1,1,1,0,0,0,1,0,11656.3564188064
0,1,0,0,1,0,1,1,1,1,1,0,0,0,0,0,11727.9335697667
0,0,0,0,0,0,1,0,1,0,0,1,1,0,0,1,14972.7681304218
1,1,1,1,0,0,1,1,1,0,0,1,0,1,0,1,13907.8499637833
1,1,1,0,1,0,1,1,0,1,0,1,1,1,1,1,14762.0234733282
0,0,0,0,0,0,1,0,0,0,0,0,0,0,1,0,11783.1282883157
1,1,1,0,1,1,1,0,1,1,1,0,1,1,1,0,11717.9590744103
1,1,0,1,1,0,1,1,0,1,0,1,1,1,1,1,14045.0114564356
0,0,1,0,0,0,1,0,1,1,0,0,0,1,0,0,11482.2293480261
1,0,1,0,1,0,1,0,1,1,0,0,0,1,1,0,11911.8655920179
0,1,1,1,1,0,1,1,0,1,0,1,1,1,1,1,13987.145294025
1,1,1,1,1,0,1,1,0,0,0,1,1,1,1,1,14459.3110756196
1,1,1,1,1,0,0,1,0,1,0,1,1,1,1,1,16872.2559621422
1,1,1,1,1,0,0,1,0,1,0,1,0,1,1,0,11768.872626013
1,0,1,1,0,0,0,0,0,0,0,1,1,1,0,1,17560.3727374044
0,1,0,0,1,0,1,0,1,1,1,0,0,1,0,0,12043.2487886646
0,0,0,0,0,0,0,0,1,1,0,1,1,0,0,1,19228.9180133477
0,1,0,0,1,0,0,1,1,0,1,0,0,1,1,0,12443.4787970631
0,1,0,0,1,0,1,1,1,0,1,0,0,0,1,0,11643.7130070646
1,0,1,0,0,0,1,0,0,1,0,0,0,1,0,0,11785.7446732219
1,0,0,1,0,0,1,0,0,1,0,0,0,1,0,0,11368.9417220716
0,0,1,1,0,0,1,0,0,1,0,0,0,1,0,0,11803.5023913926
0,0,0,0,0,0,1,0,1,0,0,0,0,0,0,0,11671.7990898679
1,1,1,1,0,0,1,1,0,0,0,1,1,1,0,1,13925.6395079244
0,0,0,0,0,0,0,0,1,0,0,1,1,1,0,1,17021.6359061078
0,1,0,0,0,0,0,0,1,0,0,1,0,1,0,1,17343.837039148
1,0,1,0,1,0,1,0,1,0,1,0,0,1,1,0,11506.3057292715
0,0,0,0,0,0,0,0,1,0,0,0,0,1,1,1,16920.1143080937
0,0,0,0,0,0,0,0,1,0,0,0,0,0,1,0,11921.0812157639
0,1,0,0,0,0,0,0,0,0,0,1,1,1,0,1,17227.9159872873
1,1,0,0,0,0,0,0,0,0,0,1,0,1,0,1,17826.7342224919
0,0,0,0,0,0,0,0,1,1,0,0,0,0,1,1,18258.0107134212
0,0,1,1,0,0,0,0,0,1,0,0,0,1,1,0,12347.8819607734
1,1,1,1,1,1,1,0,1,1,1,0,0,1,1,0,11891.1744559391
1,0,0,0,1,0,1,0,1,0,1,0,1,1,1,0,11497.8844681233
1,1,1,1,0,0,1,0,1,0,0,1,1,1,0,1,14282.7505077882
0,0,0,0,0,0,0,0,1,1,0,0,0,0,0,0,13221.8199515948
0,1,1,0,0,0,0,0,0,0,0,1,0,1,0,1,17567.4098323752
1,1,0,1,1,1,1,0,1,1,1,0,1,1,1,0,12073.727896036
1,0,1,1,1,0,0,1,0,1,0,1,1,1,1,0,12368.8573115689
1,1,1,0,1,0,0,1,0,1,0,1,1,1,1,0,12291.3157713565
1,0,0,1,0,0,0,0,0,1,0,0,0,1,1,0,12186.5620751763
0,0,0,0,0,0,0,1,1,0,0,0,0,0,0,0,12441.5295191688
0,0,0,0,0,0,1,0,1,1,0,0,0,0,0,1,15552.9362639904
1,1,1,1,1,0,1,1,0,1,0,1,1,0,1,1,13347.0663514854
0,1,1,1,1,1,1,0,1,1,1,0,1,1,1,0,11680.6603231713
1,1,1,1,1,1,1,0,0,1,1,0,1,1,1,0,12035.2610370093
1,0,1,0,1,0,0,0,0,0,0,1,1,0,1,1,18192.9346957039
1,0,1,0,1,0,0,1,0,0,0,1,1,0,0,1,17377.0795678003
0,0,1,1,0,0,0,1,0,1,0,0,0,1,0,0,11921.2876515996
0,1,0,0,0,0,0,0,0,0,0,1,0,1,1,1,17489.0256517784
1,1,1,1,0,1,1,0,1,1,1,0,1,1,1,0,12046.3199745356
1,1,1,1,1,0,1,1,0,0,1,1,0,1,1,0,11627.1076956864
1,0,0,1,0,0,0,1,0,1,0,0,0,1,0,0,12063.4140224035
1,0,0,0,0,0,0,0,1,0,0,0,0,0,0,0,12850.2212714124
0,1,0,0,1,0,0,0,0,0,0,1,0,1,0,1,17277.2874595182
0,0,1,0,0,0,0,0,1,0,0,0,0,0,0,0,12239.4127806927
1,0,1,0,1,0,0,0,0,0,0,1,1,1,0,1,17233.0726022008
1,1,1,1,1,0,1,1,0,0,1,1,1,0,1,0,11271.0524915768
1,1,1,1,0,1,1,1,1,1,1,0,1,0,1,0,11606.7529804131
0,0,0,0,0,0,0,0,1,1,0,0,0,1,0,1,16975.8593275103
0,0,0,0,0,0,0,1,1,0,0,0,0,0,1,1,17247.523584948
1,0,0,1,0,0,0,0,0,1,1,0,0,1,0,0,11431.4236747039
0,0,1,0,1,0,1,0,1,0,1,0,1,1,1,0,11180.1631764672
0,0,0,0,0,0,1,1,1,0,0,0,0,0,0,1,14095.6058751599
1,1,1,1,1,0,0,1,0,0,1,1,1,1,1,0,12865.3091118337
0,1,0,1,0,0,0,0,0,0,0,1,0,1,0,1,17080.3776210884
0,0,1,1,0,0,0,0,0,1,1,0,0,1,0,0,12460.1920983692
0,1,1,1,1,0,0,1,0,1,0,1,1,1,1,0,12474.5507347942
0,0,0,0,0,0,0,1,1,0,0,0,0,1,0,1,17011.8487312167
1,1,0,1,1,0,0,1,0,1,0,1,1,1,1,0,12270.2675813017
0,0,1,0,1,0,1,0,1,1,1,0,1,1,0,0,11770.3936976657
1,0,0,0,1,0,1,0,1,1,1,0,1,1,0,0,11734.0488804943
1,1,1,1,0,0,1,1,0,0,0,1,0,1,1,1,13946.6657812172
1,1,1,1,0,1,1,1,1,1,1,0,1,1,0,0,12075.6541526132
1,1,1,1,1,0,0,0,0,1,0,1,1,1,1,0,11870.46545938
1,1,1,1,0,1,1,1,1,1,0,0,1,1,1,0,11647.2768655838
0,0,1,1,0,0,0,1,0,0,0,0,0,1,1,0,12082.8521322036
1,1,0,1,0,0,1,1,1,0,0,1,0,1,1,1,14628.2669631302
0,1,0,0,1,0,1,1,1,0,1,0,0,1,0,0,11533.7231275431
1,0,1,0,0,0,0,0,0,0,0,0,0,0,0,0,12187.5920465806
0,0,1,0,0,0,0,0,0,0,0,1,0,1,1,1,17178.5934237435
0,1,0,0,1,0,0,1,1,0,1,0,1,0,1,0,12118.7734187628
0,0,0,0,0,0,0,1,1,1,0,0,0,0,0,1,17106.7036708357
0,1,1,1,0,0,1,1,1,0,0,1,0,1,1,1,14621.9156136331
0,1,0,0,1,0,0,1,1,0,1,0,1,1,0,0,11774.9963011106
1,0,1,0,1,0,1,0,0,0,0,1,1,0,0,1,15089.0602855933
1,1,1,1,1,0,0,1,0,1,0,1,1,1,0,0,11915.5621927773
0,0,0,0,0,0,0,1,1,0,0,0,1,0,0,1,16830.3378361848
1,0,1,0,0,0,0,1,0,0,0,1,1,0,1,1,16367.5048937286
0,0,0,0,0,0,0,1,0,1,0,0,1,0,0,1,16810.2294922103
0,1,0,0,1,0,1,1,1,0,1,0,1,0,0,0,11259.7462242318
1,0,0,0,0,0,0,0,0,0,0,1,0,1,1,1,17359.7211959949
0,1,0,0,1,0,0,0,1,1,1,0,1,0,1,0,12260.1485218348
1,0,1,1,1,0,1,1,0,1,0,1,0,1,1,0,11672.6292131893
1,0,0,1,0,0,0,1,0,0,0,0,0,1,1,0,11937.3166089787
1,1,1,0,0,0,1,1,1,0,0,1,0,1,1,1,14300.0949549332
0,0,0,0,0,0,0,1,0,0,0,0,1,0,1,1,17307.3228970398
0,0,1,0,0,0,0,0,0,0,0,0,0,0,1,0,12001.7030295518
1,0,1,1,1,0,1,1,0,0,1,1,0,1,1,0,11836.4452056969
0,0,0,0,0,0,0,1,0,0,0,0,0,1,1,1,16971.5212043098
1,0,1,1,1,1,1,1,1,0,1,0,1,1,1,0,12133.0556194818
1,1,1,1,1,0,1,1,0,0,1,1,1,1,0,0,11703.1295905222
1,0,1,0,1,0,0,1,0,0,0,0,1,0,1,1,17771.735283226
1,0,0,1,0,0,0,0,0,0,1,0,0,1,1,0,11978.6627936468
1,1,1,1,0,0,0,1,1,0,0,1,0,1,1,1,17406.1939365177
1,0,1,0,0,0,0,1,0,0,0,0,1,1,1,1,16964.4070262996
0,0,0,0,0,0,0,1,0,1,0,0,0,1,0,1,16497.5354891136
0,1,0,0,1,0,1,0,1,1,1,0,1,0,0,0,11548.4811454736
1,0,1,1,1,1,1,1,1,1,1,0,1,0,1,0,11498.793226468
1,0,1,0,0,0,1,1,0,0,0,0,1,0,1,1,14324.1359740448
0,0,1,1,0,0,0,0,0,0,1,0,0,1,1,0,12257.5309262571
0,0,0,0,0,0,0,1,0,0,0,0,1,1,0,1,16707.458103259
0,0,1,0,0,0,0,1,0,0,0,0,0,0,1,1,16643.3943159116
0,0,1,0,0,0,0,1,0,1,0,0,0,0,0,1,16945.6387127567
0,0,1,1,0,0,0,1,0,0,1,0,0,1,0,0,12090.5407781992
1,0,1,1,1,1,1,1,1,1,1,0,1,1,0,0,11991.9877631802
0,0,1,0,0,0,0,1,0,0,0,0,1,0,0,1,16837.9522533238
1,0,0,1,0,0,0,1,0,0,1,0,0,1,0,0,13630.4858910044
0,1,0,1,1,0,0,0,1,1,1,0,1,0,0,0,11698.1889316255
0,0,1,1,1,0,1,1,0,1,1,1,0,1,1,0,11325.7367668116
1,1,1,0,0,0,1,1,0,0,0,1,1,1,1,1,13673.0807605153
1,0,0,1,1,0,1,1,0,1,1,1,0,1,1,0,11215.9630756578
1,0,1,0,1,0,1,0,0,0,0,0,1,1,0,1,14765.663036302
1,0,1,1,1,0,0,1,0,1,1,1,0,1,1,0,12109.0070789267
1,0,0,1,0,0,1,0,0,0,0,0,0,1,1,0,11540.6455734441
1,1,1,1,1,0,1,0,0,0,1,1,1,1,1,0,11927.5036461108
0,1,0,1,1,0,0,0,1,1,1,0,0,1,0,0,12465.7790460802
0,0,0,1,0,0,0,0,0,0,0,1,0,1,1,1,17299.2633579796
0,1,0,1,1,0,1,0,1,1,1,0,0,0,0,0,12122.0270011719
1,0,1,1,0,0,0,1,0,0,0,0,1,0,1,1,16348.7627428269
1,0,1,1,1,1,1,1,1,1,0,0,1,1,1,0,11756.1097179159
1,0,1,1,1,0,1,1,0,1,1,1,0,0,1,0,11443.2979106445
0,1,0,1,1,0,0,1,1,1,1,0,0,0,0,0,11997.0025922447
1,1,0,0,1,0,0,0,1,1,1,0,0,0,1,0,13155.0425005295
1,1,1,1,0,0,0,1,0,0,0,1,1,1,1,1,17126.5370540159
1,0,1,1,1,0,1,0,0,1,1,1,0,1,1,0,11794.2325077772
0,0,1,1,0,0,1,0,0,0,0,0,0,1,1,0,11655.190226429
1,1,1,1,1,1,1,1,0,1,1,0,1,0,1,0,11210.2454515694
1,0,1,1,1,0,0,0,0,0,0,0,1,1,0,1,17168.95804688
0,0,1,1,0,0,1,1,0,0,0,0,0,1,0,0,11885.9481813543
0,1,1,1,0,0,1,1,0,0,0,1,1,1,1,1,13850.9545499607
1,0,0,0,0,0,0,0,0,0,0,0,1,0,0,0,12455.2364760374
0,0,1,0,0,0,0,1,1,0,0,0,0,0,0,1,16724.4503833969
1,1,1,0,1,0,1,1,0,0,1,1,1,1,1,0,11660.3411912215
1,1,1,1,1,1,1,1,0,1,1,0,1,1,0,0,12423.1110318231
1,1,1,1,1,1,1,1,1,1,1,0,0,0,1,0,11303.7231945896
1,0,1,1,1,0,1,0,0,0,0,0,1,0,0,1,14984.2020419126
1,0,1,1,0,0,1,0,0,0,0,0,1,1,0,1,13829.2057558843
0,1,1,0,1,0,0,0,1,1,1,0,0,0,1,0,12189.9799199358
1,0,1,1,1,0,0,0,0,0,0,1,1,0,0,1,18016.7667195051
0,0,0,1,1,0,1,0,1,0,1,0,1,1,1,0,11568.5740510062
0,0,1,1,0,0,0,0,0,0,0,1,0,1,0,1,17620.3526925834
1,1,1,0,1,0,0,0,1,1,1,0,0,0,0,0,12259.9612358416
0,0,0,0,0,0,0,0,0,1,0,0,1,0,0,0,12312.2318181257
1,0,0,0,0,0,0,1,0,0,0,0,0,0,1,1,16963.1646097658
1,0,0,1,0,0,0,0,0,0,0,1,0,1,0,1,16824.756053891
0,0,0,0,1,0,1,0,1,1,1,0,1,1,1,0,11444.5573346481
1,0,0,1,0,0,1,1,0,0,0,0,0,1,0,0,11471.717465163
1,0,0,1,0,0,1,0,0,0,1,0,0,1,0,0,11637.065247192
0,0,1,0,1,0,0,1,0,0,0,1,1,0,1,1,16672.383947738
1,0,1,1,1,0,1,1,0,1,1,1,0,1,0,0,11603.8540708982
0,0,0,0,0,0,0,0,0,0,0,1,1,0,0,0,12079.424049332
1,0,0,1,1,0,1,0,1,0,1,0,1,1,0,0,11570.5485814419
1,1,0,1,1,0,1,1,0,0,1,1,1,1,1,0,11292.0867767609
1,0,0,1,1,0,1,0,0,0,1,0,1,1,1,0,11805.5648057681
1,0,0,1,0,0,0,1,0,0,1,0,0,0,1,0,12783.7846309411
0,0,1,1,0,0,0,1,0,0,1,0,0,0,1,0,12328.0967354756
1,0,1,0,1,0,1,1,0,1,1,1,0,1,1,0,11607.6046884912
1,0,0,1,0,0,0,1,0,0,1,0,1,0,0,0,12350.6767552046
0,0,1,1,0,0,0,1,0,0,1,0,1,0,0,0,12302.8690192004
0,0,1,1,1,0,0,0,0,0,0,1,1,1,0,1,17133.9972922539
1,0,1,0,0,0,0,1,0,0,0,0,0,0,0,1,17068.2629221664
0,0,1,1,1,0,1,0,0,0,0,1,1,0,0,1,14849.8212089555
0,1,1,1,1,0,1,1,0,0,1,1,1,1,1,0,11885.5405626801
1,0,0,0,0,0,0,1,0,0,0,0,1,0,0,1,17662.9603422383
0,0,1,1,0,0,0,0,0,0,1,0,1,0,1,0,12035.4560816209
0,0,1,0,1,0,0,0,0,0,0,0,0,0,0,0,12292.6342923132
1,0,0,1,0,0,0,0,0,0,1,0,1,0,1,0,12329.7721723205
0,0,1,1,0,0,1,0,0,0,1,0,1,0,0,0,11309.5464410039
1,1,1,0,1,0,1,1,0,1,0,1,0,1,1,0,11684.3290706954
0,0,1,0,1,0,1,0,0,0,0,1,1,1,0,1,14279.9898122957
1,0,0,0,0,0,0,0,0,0,0,1,1,1,0,1,16938.793750943
1,1,0,0,1,0,0,1,1,1,1,0,0,0,0,0,12712.9579811519
0,0,0,1,1,0,0,1,0,0,0,1,1,0,1,1,16413.1271121093
0,0,0,0,0,0,0,1,0,0,0,0,0,0,1,0,12581.1891064696
1,1,0,1,1,1,1,1,1,1,1,0,1,0,1,0,10991.5742076828
1,1,1,0,0,0,0,1,1,0,0,1,1,1,1,1,16600.0218417128
1,1,1,0,1,0,1,1,0,0,1,1,0,1,1,0,11651.3492057083
1,0,0,0,0,0,0,1,1,0,0,0,0,0,0,1,16919.6884429913
0,1,1,0,0,0,1,1,1,0,0,1,1,1,1,1,14480.5766843408
1,1,1,0,0,0,1,0,1,0,0,1,1,1,1,1,14436.8330323345
0,1,1,0,1,0,0,1,1,1,1,0,0,0,0,0,12960.2030688504
0,1,1,1,1,1,1,1,1,1,1,0,1,0,1,0,11553.5439907515
1,1,1,0,1,0,0,1,0,1,1,1,0,1,1,0,12775.4979886406
1,1,1,0,1,0,1,1,0,1,1,1,0,0,1,0,11530.895419557
0,0,1,0,0,0,0,0,0,0,0,1,1,1,0,1,16935.2057957937
1,0,0,1,0,0,1,0,0,0,1,0,1,0,0,0,11566.4113239254
1,1,1,1,1,1,1,1,1,1,0,0,0,1,1,0,9567.47543231767
1,1,1,0,1,1,1,1,1,1,0,0,1,1,1,0,11843.2567704413
0,1,0,0,0,0,0,1,1,0,0,0,0,0,0,1,17474.6514570923
1,1,0,1,1,1,1,1,1,1,0,0,1,1,1,0,12103.1047638683
1,1,1,0,1,0,1,0,0,1,1,1,0,1,1,0,11491.7970453809
1,1,1,0,0,0,1,1,1,0,0,1,1,1,0,1,14112.1906868292
1,1,0,0,0,0,1,1,1,0,0,1,1,1,1,1,14086.6971556248
1,1,1,0,1,0,1,1,0,1,1,1,0,1,1,0,11951.5103989617
0,1,1,1,1,1,1,1,1,1,0,0,1,1,1,0,11958.8372622508
0,0,0,0,1,0,0,0,0,0,0,1,0,1,1,1,16960.2342340343
1,1,1,1,1,1,1,1,1,1,0,0,1,1,0,0,12153.6261432361
0,1,1,1,1,0,1,1,0,1,1,1,0,1,1,0,11513.8560524266
0,0,0,0,0,0,0,1,0,1,0,0,0,0,0,0,12785.7866793412
0,0,0,0,1,0,0,1,0,0,0,1,1,1,1,1,17265.7576198825
0,0,0,1,1,0,1,0,0,1,1,0,1,1,1,0,11596.7501678936
0,0,0,0,1,0,1,1,0,0,0,1,1,0,1,1,14035.9302415959
1,1,0,0,1,1,1,1,1,1,1,0,1,1,1,0,11529.1980310051
1,1,0,1,1,0,1,1,0,1,1,1,0,1,1,0,11898.1265256505
0,0,0,0,1,0,0,1,1,0,0,0,0,0,0,1,16771.4245338879
0,0,0,1,1,0,1,0,0,0,0,1,1,1,0,1,14840.8590570162
1,0,0,0,1,0,0,1,0,0,0,1,1,0,1,1,16778.8310778183
0,0,0,1,0,0,0,1,1,0,0,0,0,0,0,1,16819.7093506538
1,0,0,0,1,0,0,0,0,0,0,1,0,1,0,1,17580.5492870227
1,0,0,1,1,0,0,0,0,0,0,1,1,1,0,1,17428.3352472435
0,0,1,0,1,0,0,0,0,0,0,1,0,1,0,1,17528.7878443851
1,0,0,1,1,0,1,0,0,1,1,0,1,1,0,0,11429.6890148622
0,0,0,1,1,0,0,0,0,0,0,1,0,1,0,1,16997.3646390779
0,1,1,0,1,1,1,1,1,1,1,0,1,1,1,0,12008.8147207373
1,0,0,1,0,0,0,0,0,0,1,0,1,1,0,0,12491.2702412151
0,0,0,0,1,0,0,0,0,0,0,1,1,1,0,1,17308.7961909109
1,1,1,1,1,0,1,0,0,1,1,1,0,1,1,0,11787.5002868353
1,0,1,0,0,0,0,0,0,0,0,0,0,1,1,1,16923.2256308085
0,1,0,1,1,1,1,1,1,1,1,0,1,1,1,0,12158.6714948962
0,0,0,1,0,0,0,1,0,0,0,0,0,0,1,1,16627.02982041
0,0,0,0,0,0,0,0,0,1,0,0,0,1,0,0,12066.6747931914
1,1,0,1,1,0,0,0,1,1,1,0,0,0,0,0,12573.7246656815
1,0,0,1,1,0,1,0,0,0,0,1,1,0,0,1,15002.1050493793
0,0,1,1,0,0,0,0,0,0,1,0,1,1,0,0,12310.3272249136
0,1,1,1,1,0,0,0,1,1,1,0,0,0,0,0,12678.134525051
0,0,1,1,0,0,0,1,0,0,0,0,0,0,0,1,17740.5628654538
1,0,1,1,0,0,0,0,0,0,0,0,0,1,0,1,17232.0470673055
1,1,0,1,1,1,1,1,1,1,1,0,1,1,0,0,11501.9535696825
1,1,1,0,1,0,1,1,0,1,1,1,0,1,0,0,12022.4173255594
1,0,0,1,1,0,1,0,0,1,1,0,0,1,1,0,11371.5240107009
1,0,0,1,0,0,0,0,0,0,0,0,0,1,1,1,16977.5350506173
0,1,1,1,1,1,1,1,1,1,1,0,1,1,0,0,12221.517440411
1,1,0,1,0,0,0,1,1,0,0,1,1,1,1,1,17283.437840737
1,0,0,1,1,0,1,0,1,0,1,0,0,1,1,0,11714.6730525666
0,0,0,1,1,0,1,0,1,1,1,0,0,1,1,0,11643.8955971275
1,0,0,0,0,0,0,1,0,0,1,0,1,0,1,0,12500.7620651618
1,1,1,1,1,0,1,1,0,1,1,1,0,1,0,0,11202.0013086343
1,0,0,0,1,0,1,0,0,0,0,1,1,1,0,1,14366.5957989046
0,0,1,1,0,0,0,0,0,0,0,0,0,1,1,1,17203.010915583
0,0,1,0,0,0,0,1,0,0,1,0,1,0,1,0,12385.1471880543
1,0,1,0,1,0,0,0,0,1,0,1,1,0,0,1,17965.3451384402
0,1,1,0,1,0,1,1,0,1,1,1,0,1,1,0,11814.3654096789
1,1,0,0,1,0,0,0,1,1,1,0,1,0,0,0,12003.3869288036
0,0,1,1,1,0,0,0,0,1,0,1,1,0,0,1,17789.8892486804
1,1,1,1,1,1,1,1,1,1,0,0,1,0,1,0,11752.1293048848
1,0,0,1,1,0,0,0,0,1,0,1,1,0,0,1,18062.7300111809
0,1,1,0,1,0,0,0,1,1,1,0,1,0,0,0,12849.6318999415
0,0,0,0,0,0,1,0,0,1,0,0,0,0,0,0,11838.4709438435
1,0,0,1,0,0,0,1,0,0,0,0,0,0,0,1,16661.644713354
0,1,0,1,0,0,0,1,0,0,0,0,0,0,0,1,16778.1401216382
1,0,0,0,0,0,1,0,0,0,1,0,1,0,1,0,11708.2483840874
0,0,0,1,1,0,0,0,0,1,0,1,1,0,1,1,17626.633384641
1,0,1,0,0,0,0,0,0,0,0,0,1,1,0,1,18155.9176801852
1,1,0,0,1,0,1,1,0,1,1,1,0,1,1,0,11523.046747236
0,0,1,0,0,0,1,0,0,0,1,0,1,0,1,0,11555.3582416199
0,1,0,1,1,0,1,1,0,1,1,1,0,1,1,0,11787.7462407768
1,1,0,0,1,0,1,0,1,1,1,0,0,0,0,0,11531.3310751638
1,1,1,1,0,0,0,1,1,0,0,1,1,1,0,1,17879.0933640898
0,0,0,1,1,0,0,1,0,0,0,0,0,0,0,1,16060.2047508804
0,1,1,1,0,0,0,1,1,0,0,1,1,1,1,1,16822.9729918955
1,1,1,1,1,0,1,1,0,1,1,1,0,0,1,0,11978.3266925326
0,1,1,0,1,0,1,0,1,1,1,0,0,0,0,0,11882.1749445296
1,1,1,1,1,1,1,1,1,1,1,0,1,0,0,0,11685.8862160231
0,0,1,0,0,0,0,0,0,0,0,0,1,1,1,1,17752.5139669104
1,0,0,0,0,0,0,0,0,0,0,0,1,1,1,1,18165.939056628
1,0,0,1,1,0,1,0,1,1,1,0,0,1,0,0,11696.631196421
1,0,0,0,1,0,0,0,0,1,0,1,1,0,1,1,18070.2837302461
0,1,0,1,0,0,1,1,1,0,0,1,1,1,1,1,13894.0322101803
1,1,1,1,1,0,0,1,0,1,1,1,0,1,1,0,12681.1363318794
0,1,1,1,0,0,1,0,1,0,0,1,1,1,1,1,14454.1938478308
0,1,1,1,1,0,1,1,0,1,1,1,0,0,1,0,11648.3902424875
1,1,0,1,1,0,1,1,0,1,1,1,0,0,1,0,11959.644503746
0,0,0,1,0,0,0,0,0,0,0,0,1,1,1,1,17515.808673323
1,0,0,0,0,0,1,1,0,0,1,0,1,0,0,0,11621.0836685038
0,0,1,0,0,0,1,1,0,0,1,0,1,0,0,0,12046.737177505
1,1,1,1,1,0,1,0,0,1,1,1,1,0,1,0,11494.9038711423
0,1,1,1,1,0,1,0,0,1,1,1,0,1,1,0,11489.2259750586
0,0,0,1,0,0,0,1,0,0,0,0,1,0,0,1,16984.6371286218
1,1,1,1,1,0,0,0,0,1,1,1,1,1,1,0,12600.6111678228
1,0,0,1,0,0,0,0,0,0,0,0,1,1,0,1,16953.2386352098
0,0,0,0,1,0,0,0,0,0,0,0,1,0,0,0,12847.1899758157
0,0,0,1,0,0,0,1,0,1,0,0,0,0,0,1,16657.8437014899
1,1,1,1,1,1,1,1,1,1,1,0,0,1,0,0,11850.0086893122
1,0,0,0,0,0,0,0,0,0,1,0,1,1,1,0,12812.5411554024
0,0,1,0,0,0,0,1,0,0,1,0,1,1,0,0,12455.1870343275
0,0,0,0,0,0,0,0,1,0,0,0,0,1,0,1,17609.2552152489
1,0,0,0,0,0,0,1,0,0,1,0,1,1,0,0,11676.9740190004
0,0,0,1,0,0,0,1,0,0,0,0,0,0,0,0,12938.2631694541
0,0,1,1,0,0,0,0,0,0,0,0,1,1,0,1,17424.17302525
0,0,1,0,1,0,0,0,0,1,0,1,1,0,1,1,18028.4799478653
0,0,0,0,1,0,0,1,0,1,0,1,1,0,1,1,16605.0093614404
1,1,1,1,1,0,1,0,0,1,1,1,1,1,0,0,11524.8981983965
1,0,1,0,1,0,0,0,0,0,0,0,0,1,0,1,16947.8540167457
1,1,1,0,1,0,1,0,0,1,1,1,1,1,1,0,11792.9205209336
1,1,0,1,0,0,1,0,1,0,0,1,1,1,1,1,14593.5630788392
0,0,0,0,0,0,0,0,0,1,0,1,0,0,0,0,12174.16422425
0,1,0,0,0,0,0,1,0,0,0,0,0,0,1,1,17392.4758594643
0,1,1,0,1,0,0,0,1,1,1,0,0,1,0,0,11621.1722513275
0,1,1,0,0,0,0,1,0,0,0,0,0,0,0,1,16979.9758225782
0,0,1,0,1,0,0,1,0,1,0,1,1,0,0,1,16576.3061170907
1,0,0,0,1,0,0,1,0,1,0,1,1,0,0,1,16359.326487788
1,0,0,0,1,0,0,0,0,0,0,0,0,1,1,1,16880.3528914365
0,1,1,0,1,0,0,1,0,1,1,0,0,0,1,0,12479.4859752475
1,1,0,0,1,0,0,1,0,1,1,0,0,0,1,0,12770.6331210203
1,0,0,1,1,0,1,0,0,1,0,0,1,1,1,0,11843.5277925362
1,1,1,0,0,0,1,1,0,0,1,1,0,1,1,0,11594.1464237124
1,1,0,0,0,0,0,1,0,0,0,0,0,0,0,1,17130.6849810668
0,0,0,0,1,0,0,1,0,0,0,0,0,0,1,1,16768.1538931263
1,1,0,0,0,0,0,0,0,0,0,0,0,0,0,0,11527.3132523631
1,0,0,1,1,0,1,0,1,0,0,0,1,1,1,0,11877.7271391365
0,1,1,0,0,0,0,0,0,0,0,0,0,0,0,0,12343.776104301
0,1,1,1,1,0,1,0,0,1,1,1,1,1,1,0,11686.4628436172
1,1,1,0,1,0,1,1,0,1,1,1,1,1,0,0,11488.3337123814
0,1,1,1,0,0,1,1,0,0,1,1,0,1,1,0,11666.0642109572
1,1,1,1,1,1,1,1,1,0,1,0,1,0,1,0,11681.1465858224
1,1,1,0,1,0,0,0,0,1,1,0,0,0,1,0,12234.5853274696
0,1,0,1,0,0,0,0,0,0,0,0,0,0,0,0,12634.935665969
1,1,0,1,1,0,1,0,0,1,1,1,0,1,1,0,11676.4684348081
1,1,1,0,1,0,0,1,0,1,1,0,0,0,0,0,12570.9764658089
0,0,1,0,1,0,0,0,0,0,0,0,0,1,1,1,17942.6646651869
0,0,1,0,1,0,0,1,0,0,0,0,0,0,0,1,16305.146657433
0,1,0,1,1,0,0,1,0,1,1,0,0,0,1,0,12333.6063869002
1,0,0,0,1,0,0,1,0,0,0,0,0,0,0,1,17012.666394239
0,1,1,1,1,0,1,1,0,1,1,1,0,1,0,0,11440.4959057494
0,0,0,1,1,0,0,0,0,0,0,0,0,1,1,1,16793.7755265233
1,1,0,1,1,0,1,1,0,1,1,1,0,1,0,0,11535.0353469044
1,1,1,1,0,0,1,0,0,0,1,1,0,1,1,0,11800.3715785784
0,1,0,0,0,0,1,0,0,0,0,0,0,0,0,0,11772.8651392185
1,0,0,0,0,0,1,0,0,0,1,0,1,1,0,0,11802.8961417548
1,1,0,1,1,0,1,1,0,1,1,1,1,1,0,0,11656.3849183233
0,1,1,1,1,0,1,1,0,1,1,1,1,1,0,0,11574.2622184068
1,1,1,0,1,0,1,1,0,1,1,1,1,0,1,0,11737.7363304332
1,1,1,1,0,0,1,1,0,0,1,1,0,1,0,0,11607.8798508984
0,1,0,0,0,0,0,0,0,0,0,1,0,0,0,0,12085.947836047
0,1,0,0,1,0,0,1,0,0,0,0,0,0,0,1,16395.0213056753
0,0,0,1,1,0,0,1,0,1,0,1,1,0,0,1,16120.6903567366
1,0,0,1,1,0,0,0,0,0,0,0,0,1,0,1,17553.6373894669
1,1,0,1,0,0,1,1,0,0,1,1,0,1,1,0,11878.2281228619
1,1,0,1,1,0,1,1,0,1,1,1,1,0,1,0,11845.7022926186
0,0,1,1,1,0,0,0,0,0,0,0,0,1,0,1,17774.2536889716
1,1,1,1,1,0,1,0,0,1,1,1,0,1,0,0,10748.7994313773
1,1,1,1,1,0,1,0,0,1,1,1,0,0,1,0,11750.4304742295
0,0,0,0,1,0,0,0,0,0,0,0,1,1,1,1,17092.6219700866
0,1,0,0,0,0,0,1,0,0,0,0,1,0,0,1,16952.4327532776
0,0,1,0,0,0,1,0,0,0,1,0,1,1,0,0,11639.0273082276
0,0,1,0,1,0,0,0,0,0,0,0,1,1,0,1,17578.6585076597
0,0,0,0,1,0,0,0,0,1,0,1,1,1,1,1,17153.6049398445
0,0,0,1,1,0,1,0,1,1,0,0,1,1,1,0,11862.3865674289
0,0,0,0,1,0,0,1,0,0,0,0,1,0,0,1,16565.135960429
1,0,0,1,1,0,1,0,1,1,0,0,1,1,0,0,11552.2916950233
1,0,0,0,0,0,0,1,0,1,0,0,0,0,0,1,16980.0022816757
1,0,0,0,1,0,0,0,0,0,0,0,1,1,0,1,17305.3018170287
1,1,1,1,1,0,1,1,0,1,1,1,0,0,0,0,11561.8950813948
1,1,0,1,1,0,1,0,0,1,0,0,0,1,1,0,11467.8600304997
1,0,0,0,1,0,0,0,0,1,0,1,1,1,0,1,17065.8968713441
0,1,1,1,1,0,1,1,0,1,1,1,1,0,1,0,11654.7312649374
0,0,0,1,1,0,0,0,0,0,0,0,1,1,0,1,17641.6158003018
1,1,0,0,0,0,1,1,1,0,1,1,0,1,1,0,11689.9199849614
1,1,1,1,1,1,1,0,1,1,1,0,1,1,0,0,11844.5903756959
1,1,0,1,1,0,0,0,0,1,1,0,0,0,1,0,12517.6743172974
1,1,0,1,1,0,0,1,0,1,1,0,0,0,0,0,12063.2266745295
0,1,0,0,0,0,0,0,0,1,0,0,0,0,0,1,17873.3021452593
1,1,1,1,1,1,1,0,1,1,1,0,1,0,1,0,11919.1828856325
0,1,0,0,0,0,0,1,0,1,0,0,0,0,0,1,17498.0821372471
0,1,1,1,1,0,0,0,0,1,1,0,0,0,1,0,12651.799838231
1,0,1,0,0,0,0,0,0,0,1,0,1,0,1,0,12251.1350217421
1,1,0,1,1,0,1,0,1,0,0,0,0,1,1,0,11703.4935973539
1,1,1,1,1,0,0,1,0,1,1,1,0,0,1,0,12301.8527632249
1,0,1,0,0,0,0,1,0,0,1,0,1,0,0,0,11724.2609885424
1,1,1,1,1,0,0,0,0,1,1,1,0,1,1,0,12903.1587899807
0,1,1,1,1,0,0,1,0,1,1,1,0,1,1,0,12178.3659671504
1,1,0,1,1,0,0,1,0,1,1,1,0,1,1,0,11971.1401001778
0,1,1,1,1,0,0,1,0,1,1,0,0,0,0,0,12780.6908543574
1,1,1,0,0,0,0,0,0,0,0,0,0,1,0,1,16871.1093488091
1,1,1,1,1,1,0,1,1,1,1,0,1,0,1,0,12148.8013739342
0,0,0,0,1,0,0,1,0,1,0,0,0,0,0,1,17192.3850470872
1,1,1,1,1,0,0,0,0,1,1,0,0,0,0,0,12709.6066473959
1,1,1,0,0,0,1,0,1,0,1,1,0,1,1,0,11603.7419711336
0,1,1,0,0,0,0,0,0,0,0,0,0,1,1,1,17530.2246195487
0,1,0,0,0,0,0,0,0,0,0,0,0,1,0,1,17526.1058606318
1,1,1,1,1,1,0,1,1,1,0,0,1,1,1,0,12401.4665742998
1,1,1,1,1,0,0,1,0,1,1,1,0,1,0,0,12738.6087455874
0,1,0,1,1,0,1,0,1,1,0,0,0,1,1,0,11624.893830919
1,0,1,0,0,0,1,0,0,0,1,0,1,0,0,0,11608.8513366305
1,1,1,1,1,1,0,1,1,1,1,0,1,1,0,0,12978.393850484
0,0,0,1,0,0,0,0,0,0,0,0,0,0,1,1,17640.3046547952
1,1,1,0,0,0,1,1,1,0,1,1,0,1,0,0,11781.9447598353
1,1,0,0,0,0,0,0,0,0,0,0,0,1,1,1,17867.9923769035
1,1,1,1,1,0,0,1,1,1,0,1,1,1,1,0,12643.2721460156
0,0,0,0,0,0,0,1,0,1,0,1,0,0,0,1,16363.7004773723
1,1,1,0,1,0,0,1,0,1,1,1,1,1,1,0,13314.3153609259
0,0,0,0,0,0,1,1,0,0,1,0,1,0,1,0,11713.5150707333
0,0,1,0,0,0,0,1,0,0,0,1,0,0,0,1,16507.087924831
1,1,1,1,1,0,0,1,0,0,1,1,0,1,1,0,12095.2976640568
1,1,0,1,1,0,1,0,1,1,0,0,0,1,0,0,11613.9476806309
1,1,0,1,1,0,0,1,0,1,1,1,1,1,1,0,11964.4152376646
0,0,1,0,0,0,0,1,0,0,0,0,0,0,0,1,17195.9609664529
0,1,1,1,1,0,0,1,0,1,1,1,1,1,1,0,12467.6290224964
1,1,1,1,1,0,0,1,0,1,1,1,1,0,1,0,11119.5261952363
1,0,1,0,0,0,0,0,0,0,1,0,1,1,0,0,12927.3528996052
1,0,0,0,0,0,0,1,0,0,0,0,0,0,0,1,16662.2868909534
0,1,0,1,0,0,0,0,0,0,0,0,0,1,1,1,16862.8148722948
1,1,0,1,1,0,1,0,0,0,0,0,1,1,1,0,11543.7079194439
1,1,1,1,1,0,1,1,0,0,1,1,0,0,1,0,11878.1366254734
1,1,1,1,1,0,1,1,1,1,0,1,1,0,1,0,11648.9246183861
1,1,1,1,1,0,1,0,1,1,0,1,1,1,1,0,11963.8478774436
0,0,0,1,1,0,0,0,0,1,0,1,1,1,0,1,17567.4397925616
1,0,0,0,0,0,0,1,0,0,0,1,0,0,0,1,16486.5625022177
1,1,1,1,0,1,0,1,0,1,1,0,0,1,1,0,12182.7421684524
0,1,0,1,1,0,1,0,0,1,0,0,1,1,1,0,11671.3282752731
1,1,1,1,1,0,1,1,0,1,1,1,1,0,0,0,11705.0360526692
1,1,1,1,1,0,1,1,1,1,0,1,1,1,0,0,11873.6994006258
1,1,0,1,1,0,1,0,0,1,0,0,1,1,0,0,11634.1262119066
0,0,1,1,0,0,0,0,0,0,0,0,0,0,0,1,18271.5695630736
1,0,0,1,0,0,0,0,0,0,0,0,0,0,0,1,18360.2685916319
0,0,0,0,1,0,0,1,0,1,0,1,1,1,0,1,16370.4692544675
1,1,0,1,0,0,0,0,0,0,0,0,0,1,0,1,16948.395991159
1,1,1,1,0,0,1,1,0,1,1,0,0,1,1,0,12076.9874546695
0,0,0,0,0,0,0,1,0,0,1,0,1,1,1,0,12119.2009353379
0,1,0,0,1,0,0,1,0,1,1,0,1,0,1,0,12366.2406978243
0,0,1,0,0,0,0,0,0,1,0,0,0,0,0,1,18453.5066931426
1,1,1,0,0,1,1,1,0,1,1,0,0,1,1,0,11908.9090563767
1,1,0,0,1,0,0,0,0,1,1,0,1,0,1,0,12367.7274315348
1,1,1,1,1,0,1,1,1,0,0,1,1,1,1,0,12080.116080177
0,1,0,1,1,0,1,0,1,0,0,0,1,1,1,0,11550.0285563849
0,0,1,0,0,0,0,0,0,0,0,1,0,0,1,1,18079.9217238594
1,1,1,1,1,0,0,1,0,1,1,1,1,1,0,0,13038.0769152445
1,0,0,0,0,0,0,0,0,1,0,0,0,0,0,1,17934.5478150656
0,0,0,0,0,0,1,0,0,0,1,0,1,1,1,0,11610.3618380797
1,0,0,0,0,0,0,0,0,0,0,1,0,0,1,1,17867.6470625821
1,1,0,0,1,0,1,1,0,1,1,1,1,1,1,0,11344.1398254865
0,1,1,1,0,0,0,0,0,0,0,0,0,1,0,1,16896.4428038979
1,1,0,0,1,0,0,1,0,1,1,0,1,0,0,0,11895.2165049786
0,1,1,0,0,0,1,1,1,0,1,1,0,1,1,0,11456.3211973445
0,1,0,1,0,0,1,1,1,0,1,1,0,1,1,0,11502.0791855731
0,0,0,0,0,0,1,1,0,0,1,0,1,1,0,0,11555.8037700097
0,1,1,0,1,0,1,1,0,1,1,1,1,1,1,0,11693.6359158199
0,1,0,1,1,0,1,1,0,1,1,1,1,1,1,0,11845.3341004548
1,1,1,1,1,0,0,1,1,0,1,1,1,1,1,0,12279.7580715795
1,1,0,1,0,0,1,0,1,0,1,1,0,1,1,0,11875.8898267598
1,1,0,1,1,0,1,0,1,0,0,0,1,1,0,0,11627.1762513772
1,1,1,1,1,0,1,1,0,0,1,0,1,1,1,0,11756.9547247817
0,1,0,0,0,0,0,0,0,0,0,0,1,1,1,1,17184.5006721309
0,1,1,0,0,0,0,0,0,0,0,0,1,1,0,1,17732.2520349208
0,0,0,0,1,0,1,0,0,1,0,1,1,0,1,1,14759.7730282153
1,1,1,1,1,0,1,1,1,0,0,1,0,1,1,1,13374.7854909308
1,1,0,1,0,0,1,1,1,0,1,1,0,1,0,0,11455.4085816464
1,1,1,1,1,0,1,1,1,0,0,0,1,1,1,1,14163.2021626044
0,1,1,1,0,0,1,0,1,0,1,1,0,1,1,0,11739.1826727767
1,1,1,1,1,0,1,1,1,1,0,0,0,1,1,1,14112.8687918541
1,1,0,0,0,0,0,0,0,0,0,0,1,1,0,1,17738.3277228483
0,0,1,0,1,0,1,0,0,1,0,1,1,0,0,1,15308.7999374345
1,1,1,1,1,0,1,1,1,0,1,1,1,0,1,0,11613.6999444945
0,0,0,1,0,0,0,0,0,0,0,1,0,0,1,1,17914.9082995153
1,1,1,1,1,0,1,0,1,0,1,1,1,1,1,0,11712.4286657243
0,1,1,0,1,0,0,0,0,1,1,0,1,0,1,0,12565.7904193702
1,1,1,1,1,0,1,0,1,1,0,0,1,1,1,1,14645.9375459049
0,1,1,1,0,0,1,1,1,0,1,1,0,1,0,0,11234.2614399897
1,1,1,1,0,0,1,0,1,0,1,1,0,1,0,0,11939.2257573374
1,1,1,1,1,0,1,1,1,0,1,1,1,1,0,0,11942.4902662733
0,0,0,1,0,0,1,0,0,0,1,0,1,0,1,0,11619.3664058942
1,1,1,1,1,0,1,0,1,1,1,1,1,1,0,0,11862.6752058191
1,0,0,0,1,0,1,0,0,1,0,1,1,0,0,1,14988.7847105148
0,1,1,1,0,1,1,1,0,1,1,0,0,1,1,0,12399.4271761407
1,1,1,1,1,0,1,1,1,1,0,0,1,1,0,1,14046.0700961295
0,0,0,1,1,0,1,0,0,1,0,1,1,0,0,1,14942.186615711
1,1,0,0,0,0,1,1,0,0,1,1,1,1,1,0,11560.0724625943
1,1,0,1,0,1,1,1,0,1,1,0,0,1,1,0,11861.2893608975
0,0,0,0,1,0,1,1,0,1,0,1,1,0,0,1,13729.2863020622
0,1,1,0,1,0,0,1,0,1,1,0,1,0,0,0,12596.5145796673
0,0,0,0,0,0,0,0,1,0,0,1,0,0,1,1,17991.1221310077
0,0,0,1,0,0,1,1,0,0,1,0,1,0,0,0,11916.5440730663
1,1,1,0,0,0,1,0,0,0,1,1,1,1,1,0,11826.8308222085
0,1,0,1,0,0,0,0,0,0,0,0,1,1,0,1,17248.8089869917
1,1,1,1,1,0,1,0,1,1,1,1,1,0,1,0,11358.1535614163
1,1,1,0,0,0,1,1,0,0,1,1,1,1,0,0,11894.2215320506
0,1,0,0,1,0,0,0,0,0,0,0,0,1,1,1,17627.2094887854
0,0,1,0,0,0,0,0,0,0,0,0,0,1,0,1,17023.19811934
0,0,0,0,0,0,0,0,0,0,0,0,0,1,1,1,17185.880417552
1,1,0,0,1,0,0,0,0,0,0,0,0,1,0,1,17142.6541031358
0,1,0,1,1,0,1,0,1,1,0,0,1,1,0,0,11817.0981063407
0,0,0,0,1,0,1,0,0,1,0,1,1,1,0,1,14199.0328920563
0,0,1,1,1,0,0,0,0,0,0,1,1,0,1,1,18146.9312182745
0,1,1,0,1,0,0,0,0,0,0,0,0,1,0,1,17943.118795028
1,1,1,1,1,0,0,1,1,1,0,0,1,1,1,1,17167.2751937559
0,1,0,1,1,0,0,0,0,0,0,0,0,1,0,1,17446.6087065565
1,1,1,1,1,0,1,1,1,1,1,1,1,0,0,0,11796.1098577555
0,1,0,1,1,0,0,0,0,1,1,0,1,0,1,0,12602.9308544362
0,0,0,1,0,0,0,0,0,0,1,0,1,1,1,0,12383.8520282506
0,1,0,0,1,0,0,0,0,0,0,0,1,1,0,1,17029.2881947298
1,1,1,1,1,0,1,1,1,1,0,0,1,0,1,1,13422.494732968
0,1,0,1,1,0,0,1,0,1,1,0,1,0,0,0,12906.144908956
0,1,1,1,1,0,0,0,0,1,1,0,1,0,0,0,12018.0075910423
1,1,1,1,1,0,0,1,1,1,1,1,1,0,1,0,12372.2758146752
1,1,0,1,1,0,0,0,0,1,1,0,1,0,0,0,12240.7650689776
0,0,0,1,0,0,0,0,0,0,0,0,0,1,0,1,17831.2707278888
0,0,1,1,1,0,0,1,0,0,0,1,1,0,0,1,16425.8920052231
1,1,1,0,0,0,1,1,0,1,1,1,0,1,1,0,11729.5175629963
0,1,0,1,1,0,1,0,0,1,1,0,0,1,1,0,11598.6951282667
0,1,0,0,1,0,0,1,0,1,1,1,0,0,1,0,12100.9534509529
1,1,1,1,1,0,0,0,1,1,1,1,1,1,1,0,11991.8104082385
0,1,1,1,0,0,1,1,0,1,1,1,0,1,1,0,11869.2778464606
1,0,1,0,0,0,0,0,1,0,0,0,0,1,0,1,17666.5609494794
0,0,0,1,0,0,0,1,0,0,1,0,1,1,0,0,12056.1915010279
1,1,1,1,1,0,0,1,1,1,1,1,1,1,0,0,12762.5514404062
0,0,0,0,0,0,0,1,0,0,0,0,0,1,0,1,16816.9939576541
0,0,0,1,1,0,0,0,0,0,0,1,1,1,1,1,17593.8544299983
0,1,1,0,0,0,1,1,0,0,1,1,1,1,1,0,11869.3496035329
0,0,0,0,0,0,0,0,0,0,0,1,0,1,0,1,17204.6197398315
1,1,0,1,1,0,1,0,0,1,1,0,0,1,0,0,11999.5846527926
1,0,1,0,0,0,0,0,0,0,0,0,0,0,1,1,18279.0733523339
1,1,0,1,0,0,1,1,0,1,1,1,0,1,1,0,11267.7051948025
0,1,1,0,1,0,0,0,0,1,1,1,0,0,1,0,11852.5089120798
1,1,1,0,1,0,1,1,1,1,0,0,1,1,1,1,13985.3055461826
0,1,0,1,1,0,1,0,1,0,1,0,0,1,1,0,11897.8787744538
1,1,0,1,1,0,1,0,1,0,1,0,0,1,0,0,11622.5043996712
0,0,1,1,0,0,0,0,0,0,0,0,0,0,1,1,17926.7715518457
0,1,1,0,1,0,0,1,0,1,1,1,0,0,0,0,13168.335501868
0,0,0,1,1,0,0,1,0,0,0,1,1,1,0,1,17134.8736226102
0,0,1,0,0,0,0,0,1,0,0,0,0,1,1,1,17078.0903678958
0,1,1,0,0,1,1,1,0,1,1,1,0,1,1,0,9385.09521086476
1,0,0,0,0,0,0,0,1,0,0,0,0,1,1,1,17351.262042793
1,1,0,1,1,0,1,1,1,1,0,0,1,1,1,1,14338.035144439
0,1,0,1,0,0,1,1,0,0,1,1,1,1,1,0,11348.2019803911
0,0,0,1,1,0,1,0,0,0,0,1,1,0,1,1,14681.4004077938
0,0,0,1,0,0,0,0,1,0,0,0,0,1,1,1,16998.289845505
0,1,1,1,1,0,1,1,1,1,0,0,1,1,1,1,13689.5448502214
0,0,0,1,0,0,1,0,0,0,1,0,1,1,0,0,11817.7687388556
0,0,0,0,0,0,0,0,0,0,0,0,1,1,0,1,17890.0736920828
0,0,1,1,0,0,0,0,1,0,0,0,0,1,0,1,17472.8532704442
1,1,0,1,0,0,1,0,0,0,1,1,1,1,1,0,11716.1123724074
1,0,0,1,0,0,0,0,1,0,0,0,0,1,0,1,17040.1135516996
1,1,0,0,1,0,0,1,0,1,1,1,0,0,0,0,12635.1371744104
0,0,0,0,0,0,0,0,1,0,0,0,1,1,1,1,17365.1521184316
0,1,0,1,1,0,1,0,1,1,1,0,0,1,0,0,11342.7247795414
0,1,0,1,1,0,0,0,0,1,1,1,0,0,1,0,13312.953720203
0,1,0,1,1,0,0,1,0,1,1,1,0,0,0,0,12457.6275443085
1,0,0,1,0,0,0,0,0,0,0,0,0,0,1,1,18305.4887483921
1,0,1,0,0,0,0,0,1,0,1,0,1,0,0,0,12650.0575365379
1,1,0,0,1,0,1,1,1,1,1,1,1,1,1,0,11585.0486570086
1,1,0,1,0,0,1,1,0,0,1,1,1,1,0,0,11804.0647646699
0,1,1,1,0,0,1,0,0,0,1,1,1,1,1,0,11443.2696239999
0,1,1,1,0,0,1,1,0,0,1,1,1,1,0,0,11711.5667869726
1,1,0,0,0,1,1,1,0,1,1,1,0,1,1,0,12304.4306425111
1,1,1,1,0,0,1,0,0,0,1,1,1,1,0,0,11782.0992142579
0,0,1,0,0,0,0,0,1,0,0,0,0,0,1,1,18108.591102288
0,1,0,1,0,1,1,1,0,1,1,1,0,1,1,0,11993.4426962673
0,1,0,1,1,0,1,0,0,0,1,0,1,1,1,0,11507.9687458033
1,1,1,1,0,1,1,0,0,1,1,1,0,0,1,0,11346.9422324819
1,1,1,1,1,0,1,1,1,0,1,0,0,1,1,0,11790.9808564957
1,1,1,1,1,0,1,1,1,0,0,0,1,1,1,0,11444.8264943848
0,1,0,0,0,0,1,1,1,0,1,1,1,1,1,0,11534.4651608741
1,1,1,1,0,1,1,1,0,1,1,1,0,0,0,0,11864.1296465216
0,1,1,0,1,0,1,1,1,1,1,1,1,1,1,0,11678.8800314774
1,1,1,0,1,0,1,1,1,0,1,0,1,1,1,0,11978.9555081628
1,1,0,1,1,0,1,0,0,0,1,0,1,1,0,0,11179.2427658137
1,0,0,0,0,0,0,0,1,0,0,0,1,1,0,1,17649.3116641952
1,1,0,1,1,0,1,1,1,0,1,0,1,1,1,0,11521.4065452229
0,0,1,0,0,0,0,0,0,0,0,1,0,0,0,1,17986.1425117525
1,1,0,1,1,0,0,0,0,1,1,1,0,0,0,0,11962.346501745
0,0,0,0,0,0,1,0,1,0,1,0,1,0,1,0,11643.013143867
0,0,0,0,0,0,1,1,1,0,1,0,1,0,0,0,11908.4307601438
1,0,0,1,1,0,0,0,0,0,0,1,1,0,1,1,18191.5626720567
0,1,0,1,1,0,1,0,0,1,1,0,1,1,0,0,11697.7754487123
0,0,1,0,0,0,0,0,1,0,0,0,1,1,0,1,17661.6200665754
0,1,1,0,0,0,1,0,1,0,1,1,1,1,1,0,11580.8513696766
0,1,1,0,0,0,1,1,1,0,1,1,1,1,0,0,11737.4032708545
1,1,0,0,0,0,1,0,1,0,1,1,1,1,1,0,11773.443849762
1,0,0,1,1,0,0,1,0,0,0,1,1,0,0,1,16639.0287608344
0,1,1,1,1,0,1,1,1,0,1,0,1,1,1,0,11836.282425672
0,1,0,1,1,0,1,1,1,1,1,1,1,1,1,0,11554.0980507039
1,0,0,0,1,0,0,0,0,0,0,1,1,1,1,1,17695.9237895786
1,1,1,0,1,0,1,1,1,1,1,1,0,1,1,0,11591.9319322298
1,1,0,1,1,0,1,1,1,1,1,1,0,1,1,0,11690.2751203896
1,0,0,0,0,0,0,0,0,0,0,1,0,0,0,1,18159.8145668899
0,1,0,0,1,0,0,0,0,1,1,1,1,0,1,0,13280.3126950986
1,1,1,1,1,0,1,0,1,0,1,0,1,1,1,0,11615.7986699557
0,0,0,1,0,0,0,0,1,0,0,0,1,1,0,1,17246.9877502728
0,1,0,0,1,0,0,1,0,1,1,1,1,0,0,0,12048.9150640092
1,1,1,1,1,0,1,1,1,0,1,0,1,0,1,0,11789.4416818161
1,0,0,0,0,0,0,0,1,0,0,0,0,0,1,1,18712.5914097784
1,1,0,0,1,0,0,0,0,1,1,1,1,0,0,0,12284.2889574408
0,0,0,1,0,0,0,0,1,0,0,0,0,0,1,1,18376.0926222023
0,1,0,1,1,0,1,0,1,0,1,0,1,1,0,0,11643.6218864613
1,0,0,1,1,0,1,0,1,0,0,0,1,1,1,1,14535.3060764881
1,1,0,0,0,0,1,1,1,0,1,1,1,1,0,0,11725.1955856593
0,0,0,1,0,0,0,0,0,0,0,1,0,0,0,1,19123.1723188899
1,1,1,1,1,0,1,1,1,0,1,0,1,1,0,0,11371.5658357843
0,1,1,0,1,0,0,0,0,1,1,1,1,0,0,0,12366.4914052225
0,1,1,1,1,0,1,1,1,1,1,1,0,1,1,0,11962.335971851
1,1,1,0,0,0,1,0,1,0,1,1,1,1,0,0,11961.2864252322
0,0,0,0,0,0,0,0,1,0,1,0,1,1,1,0,12873.322761579
1,1,1,0,0,1,1,1,0,1,1,1,0,0,1,0,11706.7532148936
0,0,0,0,0,0,0,1,1,0,1,0,1,1,0,0,12629.3957467276
1,1,1,1,1,0,0,1,1,0,1,0,1,1,1,0,12467.2536654518
1,1,1,0,1,1,1,1,1,0,0,0,1,1,1,0,11309.9691134706
0,0,1,1,0,0,0,0,1,0,0,0,0,0,0,1,18410.4517326712
0,1,0,1,0,0,1,0,1,0,1,1,1,1,1,0,11615.0182166675
1,0,0,1,0,0,0,0,1,0,0,0,0,0,0,1,18560.3170803417
0,1,0,1,1,0,0,0,0,1,1,1,1,0,0,0,12441.5992222169
0,1,1,1,0,1,1,1,0,1,1,1,0,0,1,0,11887.6715350747
1,1,1,1,1,0,1,1,1,1,1,1,0,1,0,0,11897.3813304309
1,0,1,0,0,0,0,0,1,0,0,0,0,0,0,1,18415.1310413366
1,0,0,1,1,0,1,0,1,1,0,0,0,1,1,1,14423.6667599331
1,1,0,1,1,1,1,1,1,0,0,0,1,1,1,0,11761.9819515288
0,1,1,1,0,0,1,0,1,0,1,1,1,1,0,0,11750.3915547827
1,0,0,1,1,0,1,0,1,1,0,0,1,1,0,1,14443.5565701632
0,1,0,0,1,0,0,0,1,1,1,1,0,0,1,0,12231.5080983051
1,1,1,1,1,0,1,1,1,1,0,1,0,1,1,0,12080.0213880667
0,0,0,0,1,0,0,0,1,0,0,0,0,1,1,1,17408.5680110953
1,1,0,1,0,1,1,1,0,1,1,1,0,0,1,0,11766.0533224455
0,0,1,0,1,0,0,0,1,0,0,0,0,1,0,1,17390.3578338729
1,1,1,1,1,1,1,1,1,0,0,0,1,0,1,0,11459.3288892178
0,0,0,1,0,0,0,0,1,0,1,0,1,0,1,0,11676.8281295714
0,0,1,0,0,0,1,0,0,0,0,0,0,0,0,1,15177.1988067858
1,0,0,0,1,0,0,0,1,0,0,0,0,1,0,1,17178.9931817502
0,1,0,0,1,0,0,1,1,1,1,1,0,0,0,0,12774.3620615915
0,0,0,1,0,0,0,1,1,0,1,0,1,0,0,0,12465.9145987792
0,0,1,0,1,0,0,0,0,0,0,1,1,1,1,1,17312.4585087305
1,1,1,1,1,1,1,0,1,0,0,0,1,1,1,0,12131.5268690492
1,1,0,1,0,0,1,0,1,0,1,1,1,1,0,0,11676.0172009696
1,0,1,1,0,0,0,0,0,0,0,0,0,0,0,1,18681.6135131492
0,0,0,0,1,0,1,0,0,0,0,1,1,1,1,1,14286.9729788497
0,0,0,1,1,0,0,0,1,0,0,0,0,1,0,1,17385.1072190059
0,0,0,1,0,0,1,0,1,0,1,0,1,0,0,0,11477.4430784665
1,0,1,1,1,0,1,1,1,1,1,1,0,1,1,0,11483.5775947035
1,0,1,0,0,0,0,0,0,0,0,1,1,1,1,1,17986.6973128528
1,1,1,1,1,0,1,1,1,1,1,0,0,1,1,0,11615.2240528346
1,0,1,0,0,0,0,0,0,0,0,1,0,0,0,1,18538.5453261189
1,1,1,1,0,1,1,0,0,1,1,1,0,1,0,0,11918.3653110265
1,1,1,1,1,1,1,1,1,0,0,0,1,1,0,0,11474.8754946221
1,1,1,1,1,1,0,1,1,0,0,0,1,1,1,0,11851.8615380597
1,0,0,0,0,0,1,0,0,0,0,0,0,0,0,1,15186.6250624442
0,0,0,0,1,0,0,0,1,0,0,0,1,1,0,1,17543.4140483297
0,0,0,1,0,0,0,0,1,0,1,0,1,1,0,0,11925.7843887895
0,0,0,1,0,0,1,0,0,0,0,0,0,0,0,1,15611.0042616484
1,1,1,0,0,1,1,0,0,1,1,1,0,1,1,0,11845.7299077094
0,0,0,0,0,0,1,0,0,0,0,1,0,0,0,1,15133.4968786276
1,1,0,0,1,0,0,0,1,1,1,1,0,0,0,0,12225.9827018941
0,1,1,0,1,0,0,0,1,1,1,1,0,0,0,0,12889.3362461387
1,0,0,0,0,0,0,0,1,0,1,0,1,0,1,0,13594.0200245742
0,1,0,1,1,0,0,0,1,1,1,1,0,0,0,0,11764.5869102459
1,0,0,1,1,0,1,1,1,1,0,0,1,0,0,1,14162.8176518344
1,0,0,0,1,0,0,0,0,0,0,0,0,0,0,1,19284.1317807304
1,0,0,1,1,0,0,0,1,1,0,0,1,1,1,1,16684.6749199199
1,0,1,1,1,0,1,1,1,1,1,0,1,1,1,0,11743.0345424578
1,0,1,1,0,0,1,1,1,1,1,1,1,1,1,0,12196.3873029361
1,0,1,1,0,0,1,0,1,0,1,1,0,1,1,0,11911.7053817155
1,0,0,1,1,0,0,1,1,1,0,0,1,0,1,1,16727.2271761924
1,0,1,1,0,0,1,1,1,0,1,1,0,1,0,0,11556.9000375484
0,1,1,1,0,1,1,0,0,1,1,1,0,1,1,0,12690.8322508545
0,0,0,1,1,0,0,0,0,0,0,0,0,0,0,1,18058.5612130923
1,0,1,1,1,1,1,1,1,0,0,0,1,1,1,0,12104.0137560548
1,1,1,1,1,1,1,1,0,0,0,0,1,1,1,0,11521.3504687815
0,0,0,0,1,0,0,0,0,0,0,0,0,0,1,1,19194.7960883612
0,1,0,0,0,0,0,0,1,0,0,0,0,1,1,1,16943.7157480273
0,0,0,1,1,0,0,1,1,1,0,0,1,1,1,1,17881.5070622112
1,1,0,1,0,1,1,0,0,1,1,1,0,1,1,0,11851.4854354003
0,1,0,0,1,0,0,0,1,1,1,1,1,0,0,0,13194.8433463621
0,0,0,0,1,0,0,1,0,0,0,0,0,0,0,1,16921.8246791357
1,1,0,0,0,0,0,0,1,0,0,0,0,1,0,1,18002.8519919581
1,0,1,1,0,0,0,1,1,0,1,1,0,1,1,0,12815.3627532978
1,0,0,0,0,0,1,0,0,0,0,1,1,1,1,1,14094.6064336018
1,0,0,1,1,0,1,1,1,1,1,1,1,1,1,0,11899.6270219653
1,1,1,0,0,0,0,1,0,1,1,0,0,0,1,0,13151.7000863535
0,0,1,1,0,0,0,0,0,0,0,1,0,0,0,1,17966.6334691191
1,0,1,0,0,0,1,0,0,0,0,1,1,1,0,1,14732.2784763759
1,0,0,1,0,0,0,0,0,0,0,1,0,0,0,1,18008.806531974
1,0,0,1,0,0,1,1,1,0,1,1,0,1,1,0,11759.1266920981
1,1,1,0,1,1,1,1,0,0,1,0,1,1,1,0,12103.0402094099
0,1,0,0,1,0,0,0,0,0,0,0,0,0,0,1,18376.9928223217
0,0,1,0,0,0,0,0,1,0,0,1,0,0,0,1,17871.4603167746
1,1,0,1,1,1,1,1,0,0,1,0,1,1,1,0,11465.8666421388
0,1,1,0,0,0,0,0,1,0,0,0,0,1,0,1,16996.381693749
1,1,1,1,0,0,1,0,0,1,1,1,0,1,1,0,11712.1455627468
1,0,1,1,1,0,1,1,1,1,1,1,1,1,0,0,11463.4992167736
1,0,0,0,0,0,0,0,1,0,0,1,0,0,0,1,18070.9481596887
0,1,1,1,0,0,0,1,0,1,1,0,0,0,1,0,11622.8328452609
0,0,1,1,0,0,1,1,1,0,1,1,0,1,1,0,11633.7563779347
0,1,0,1,0,0,0,0,1,0,0,0,0,1,0,1,16697.3969648514
1,0,1,1,1,0,1,1,1,1,0,1,1,1,1,0,11631.3959786447
1,1,1,1,0,0,0,0,0,1,1,0,0,0,1,0,12505.424609544
1,0,1,1,1,0,1,1,1,1,1,1,1,0,1,0,11210.3751417254
0,0,1,0,0,0,0,0,1,0,1,0,1,0,1,0,12697.1763295035
1,0,1,0,0,0,1,1,1,0,1,1,0,1,1,0,11388.4021903571
1,0,1,1,1,0,1,0,1,1,1,1,1,1,1,0,11596.0855791026
1,1,1,1,0,0,1,1,0,1,1,1,0,1,0,0,11521.2487901947
0,0,1,0,0,0,1,0,0,0,0,1,1,1,1,1,13909.7954561449
1,0,0,1,1,0,0,1,1,1,0,0,1,1,0,1,17199.9868548962
0,0,0,1,0,0,0,0,1,0,0,1,0,0,0,1,17871.5785168427
0,0,0,0,1,0,0,0,1,0,0,0,0,0,0,1,18384.3435338154
0,0,0,1,0,0,0,0,1,0,0,0,0,0,0,1,17750.5301258561
1,0,1,1,0,0,1,1,0,0,1,1,0,1,1,0,11569.597186274
0,1,0,0,0,0,0,0,1,0,0,0,0,0,0,1,18400.5286158257
0,0,0,0,0,0,0,0,0,0,0,0,1,0,1,1,18495.6700598258
1,0,0,0,0,0,0,1,1,0,1,0,0,0,1,0,12590.470110447
0,0,0,0,0,0,1,1,0,0,0,1,1,1,1,1,14015.1635597456
0,1,0,0,0,0,0,0,1,0,0,0,1,1,0,1,17464.9560436816
1,0,1,0,1,0,0,0,0,0,0,0,0,0,0,1,18093.212122858
0,0,1,0,1,0,0,0,0,0,0,0,0,0,1,1,18060.1777348364
0,0,1,0,0,0,0,1,0,0,0,1,1,1,1,1,17374.9688612989
0,0,0,1,1,0,1,1,1,1,0,0,1,0,1,1,13804.5986401946
0,1,0,0,1,0,0,0,1,0,0,0,0,1,0,1,17098.1118540983
1,0,1,1,1,0,0,1,1,1,1,1,1,1,1,0,12621.0807919988
0,0,0,1,1,0,1,1,1,1,0,0,1,1,0,1,13950.655557005
0,0,1,0,0,0,0,1,1,0,1,0,0,0,1,0,12990.2438449079
0,0,1,0,0,0,1,1,0,0,0,1,1,1,0,1,14118.5331154089
1,1,1,1,0,0,0,1,0,1,1,0,0,0,0,0,12598.9864524594
1,1,1,1,1,1,1,1,0,0,1,0,1,0,1,0,11022.0596323109
0,0,0,0,0,0,0,0,1,0,0,1,0,1,1,1,17120.0775275449
1,1,1,1,1,1,1,0,0,0,1,0,1,1,1,0,11994.4302344147
1,0,1,1,1,0,1,1,1,0,1,1,1,1,1,0,11696.3698871546
0,0,0,1,0,0,0,0,0,0,0,0,1,0,0,1,18440.7035155143
1,0,0,0,1,0,0,0,0,0,0,0,0,0,1,1,18404.1147236299
0,0,1,0,0,0,0,0,1,0,0,1,0,1,0,1,17109.4175713244
1,1,1,1,0,0,0,1,0,1,1,1,0,1,1,0,12316.6267429116
1,0,0,0,1,0,0,1,1,1,0,0,1,1,1,1,17062.44851075
1,1,0,1,0,0,0,1,0,1,1,0,0,0,1,0,12256.9949321547
1,1,1,1,0,0,0,1,1,1,1,1,1,1,1,0,12790.7458500425
1,1,1,1,1,1,0,1,0,0,1,0,1,1,1,0,12476.8320780185
1,0,1,1,1,1,0,1,1,0,1,1,1,1,1,0,13352.3745354538
0,1,0,0,0,0,0,0,0,0,0,0,1,0,0,1,18258.3873788277
1,0,0,0,0,0,0,1,0,0,0,1,1,1,1,1,16634.9352491833
1,1,0,0,0,0,0,1,0,1,1,0,1,0,1,0,12491.1537310815
1,0,0,0,0,0,1,0,1,0,1,0,0,0,1,0,11713.0287178346
1,0,0,0,1,0,1,1,1,1,0,0,1,0,1,1,13844.4784978746
1,0,0,0,0,0,1,1,0,0,0,1,1,1,0,1,14025.0894262433
0,0,1,0,0,0,1,0,1,0,1,0,0,0,1,0,11875.7952395206
1,0,1,0,0,0,1,1,0,0,1,1,1,1,1,0,11666.251644294
1,1,1,1,0,1,0,1,1,0,1,1,1,1,1,0,12974.3053029954
1,1,1,1,0,0,1,1,0,0,1,1,0,1,1,0,11384.0077484649
1,1,1,1,0,0,1,1,0,1,0,1,0,1,1,0,11364.2171839306
1,1,1,1,1,1,1,0,1,0,1,0,1,0,1,0,11747.2034767395
0,0,0,0,0,0,0,0,1,0,0,0,1,0,0,1,18093.6644380549
0,0,1,1,1,0,0,0,0,0,0,0,0,0,0,1,18402.3170954354
0,0,0,0,1,0,1,0,0,0,0,0,0,0,0,1,15169.5699066995
0,0,1,1,0,0,1,1,0,0,1,1,1,1,1,0,11315.3359004393
1,0,0,0,0,0,0,0,1,0,0,1,0,1,0,1,17817.1547720745
1,0,1,1,0,0,1,0,0,0,1,1,1,1,1,0,11992.419040778
1,1,1,1,0,1,0,1,1,1,1,1,1,0,1,0,12333.6647476737
1,1,1,1,0,0,1,1,0,0,0,1,1,1,1,0,11376.8059294641
1,0,1,0,0,0,0,1,0,0,0,1,1,1,0,1,16988.9507451699
1,0,0,0,0,0,1,1,1,0,1,0,0,0,0,0,11548.0259718299
0,0,1,1,0,0,1,0,1,0,1,0,0,0,0,0,11422.0893524417
1,0,0,1,1,0,0,0,0,0,0,0,0,0,0,1,18408.4778889636
1,0,0,1,0,0,1,0,1,0,1,0,0,0,0,0,11713.2702569396
1,0,0,0,1,0,1,0,1,1,0,0,1,1,1,1,14329.9372241162
1,1,1,1,1,1,1,1,1,0,1,0,1,0,0,0,11928.286089567
1,1,1,1,0,0,0,1,0,1,0,1,1,1,1,0,12606.73546213
0,0,0,0,0,0,1,0,0,0,0,0,1,0,0,1,14744.9275771594
1,1,1,0,0,0,0,1,0,1,1,0,1,0,0,0,11345.1132480729
1,1,1,1,0,1,0,0,1,1,1,1,1,1,1,0,12518.0212049691
1,0,1,0,0,0,1,0,1,0,1,0,0,0,0,0,11402.192356139
1,1,1,1,1,1,0,0,1,0,1,0,1,1,1,0,13728.2720397703
1,1,1,1,1,1,1,0,1,0,1,0,1,1,0,0,12668.6778792564
1,1,1,1,0,1,0,1,1,1,1,1,1,1,0,0,12257.8614570755
0,0,0,1,0,0,1,0,0,0,0,1,1,1,1,1,14052.6515686951
1,1,1,0,1,1,1,0,1,0,1,0,1,1,1,0,11616.4882028278
1,1,1,1,0,0,1,1,0,1,0,1,1,0,1,0,11571.0287513905
1,1,1,1,0,0,1,0,0,1,0,1,1,1,1,0,11905.8603990249
0,0,0,1,1,0,0,0,0,0,0,0,0,0,1,1,18583.4130083003
1,0,0,1,0,0,1,0,0,0,0,1,1,1,0,1,14433.1493239974
0,0,0,0,1,0,0,0,1,0,0,1,0,1,0,1,17296.6686289226
0,0,0,0,1,0,1,1,1,1,0,0,1,1,1,1,13999.3586688985
1,1,1,1,0,0,1,1,1,1,1,0,1,1,1,0,11756.0613296108
1,0,1,1,1,1,0,1,1,1,0,1,1,1,1,0,12719.1169609642
1,1,1,1,0,0,1,1,0,1,0,1,1,1,0,0,11705.2732859927
1,0,1,1,1,1,0,1,1,1,1,1,1,0,1,0,12317.4536580896
0,1,1,1,1,1,1,0,1,0,1,0,1,1,1,0,11920.7741482791
1,1,1,0,1,1,0,1,1,0,1,0,1,1,1,0,13594.1619991111
1,0,1,0,0,0,0,0,0,1,0,0,0,1,0,1,17221.134195229
1,0,1,1,1,1,0,0,1,1,1,1,1,1,1,0,12452.0370000734
0,0,1,0,1,0,0,0,1,0,0,0,0,0,0,1,18099.5602457421
1,1,1,1,0,0,0,1,0,0,1,1,1,1,1,0,12675.9895207413
1,0,1,0,1,0,0,1,1,1,0,0,1,0,1,1,17332.0645614165
0,0,1,0,1,0,0,1,1,1,0,0,1,1,1,1,16802.1565466479
1,1,1,1,0,0,1,1,0,0,1,1,1,0,1,0,11533.484577153
1,0,1,1,0,0,1,1,0,0,1,1,1,1,0,0,11624.6084490372
0,0,0,0,0,0,1,1,1,0,1,0,0,0,1,0,11448.7570785915
0,0,1,1,0,0,1,0,0,0,0,1,1,1,0,1,14368.6269368507
1,0,0,1,0,0,1,1,0,0,1,1,1,1,1,0,11729.1457382935
0,0,0,0,0,0,1,0,0,1,0,1,1,1,1,1,14022.5837334919
0,0,0,1,0,0,1,0,1,0,1,0,0,0,1,0,11649.1556839288
1,1,1,1,0,0,1,0,0,0,1,1,1,1,1,0,11777.5487116204
1,1,0,1,1,1,0,1,1,0,1,0,1,1,1,0,12569.5362054748
0,0,1,0,0,0,1,0,0,1,0,1,1,1,0,1,14281.5834920876
1,1,1,1,1,1,0,1,0,0,1,1,1,1,1,0,12524.1893127672
0,1,1,0,0,0,0,1,0,1,1,0,1,0,1,0,12762.1349615161
1,1,1,1,0,0,1,1,0,0,1,1,1,1,0,0,11611.0873365401
1,0,0,0,0,0,1,1,1,0,1,1,1,1,1,0,11596.0303561817
1,0,1,0,1,0,0,0,1,1,0,0,1,1,1,1,17306.570196232
1,0,1,0,0,0,1,0,1,0,1,1,1,1,1,0,11677.0523756194
1,0,0,0,0,0,1,0,0,1,0,1,1,1,0,1,14342.2695295292
1,1,1,1,0,1,1,1,1,0,0,1,1,1,1,0,12176.3752878434
1,0,1,0,0,0,1,1,1,0,1,1,1,1,0,0,11553.1107555175
1,0,0,0,1,0,0,0,1,0,0,0,0,0,0,1,19106.7381151227
0,0,0,1,0,0,1,1,1,0,1,0,0,0,0,0,11935.4463020198
1,0,1,0,1,0,0,1,1,1,0,0,1,1,0,1,15102.9830801281
0,0,1,1,0,0,0,0,0,1,0,0,0,1,0,1,17075.2644347079
1,1,1,1,0,1,1,1,1,0,1,1,1,0,1,0,11727.8621816226
0,0,0,0,1,0,1,0,1,0,1,0,0,0,1,0,11787.4700256281
0,1,0,1,0,0,0,1,0,1,1,0,1,0,1,0,12753.1630081075
0,0,0,1,0,0,1,0,0,1,0,1,1,1,0,1,14274.8573475339
1,0,1,0,0,0,1,0,0,0,0,1,0,1,1,1,14189.3401269451
0,1,1,1,1,1,0,1,1,0,1,0,1,1,1,0,13488.7364523145
0,0,1,0,0,0,1,1,1,0,1,1,1,1,1,0,11799.9044507754
0,0,0,0,1,0,0,0,1,0,0,0,0,0,1,1,18362.170427397
1,0,0,1,0,0,0,0,0,1,0,0,0,1,0,1,17951.0370923755
0,0,0,0,1,0,1,1,1,0,1,0,0,0,0,0,11646.5442683473
0,0,0,1,1,0,1,0,1,0,1,0,0,0,0,0,11829.8323085268
1,1,0,0,1,1,1,1,1,0,1,0,1,1,1,0,11951.8815682396
0,1,1,1,0,0,0,0,0,1,1,0,1,0,1,0,12242.5968463343
1,1,1,1,0,1,1,0,1,0,1,1,1,1,1,0,12712.171589644
0,0,0,1,1,0,0,0,1,0,0,0,0,0,0,1,18043.1921795328
1,0,0,0,1,0,1,0,1,0,1,0,0,0,0,0,11684.7937381688
1,1,1,1,0,1,1,1,1,0,1,1,1,1,0,0,11752.2653825358
1,1,1,0,1,1,1,1,1,0,1,0,1,1,0,0,12221.1711981548
1,1,1,1,0,0,0,1,0,1,1,1,1,0,1,0,11595.8966960293
1,0,0,1,0,0,1,0,0,0,0,1,0,1,1,1,14108.3711680203
0,0,1,0,1,0,1,0,1,0,1,0,0,0,0,0,12027.4371612227
1,1,1,1,0,1,1,1,1,1,0,1,1,0,1,0,11921.3649108728
0,0,0,1,0,0,1,1,1,0,1,1,1,1,1,0,11647.9929142155
0,1,1,1,0,0,0,1,0,1,1,0,1,0,0,0,12133.109532196
0,0,1,1,0,0,1,0,0,0,0,1,0,1,1,1,14191.0587587128
1,0,0,1,0,0,1,0,1,0,1,1,1,1,1,0,11602.2853739801
1,1,0,1,0,0,0,0,0,1,1,0,1,0,1,0,12225.0489221156
0,1,0,0,0,0,1,0,1,0,1,0,0,0,1,0,11746.2214684013
0,0,1,0,1,0,1,1,1,1,0,0,1,0,1,1,13767.8460316505
0,1,0,0,0,0,1,1,1,0,1,0,0,0,0,0,11336.8333850361
1,1,1,1,0,0,0,0,0,1,1,0,1,0,0,0,12732.2575358702
0,1,0,1,0,0,1,0,1,0,1,0,0,0,0,0,11682.6440439743
1,0,0,0,1,0,0,0,0,0,0,1,0,0,0,1,18004.1679739776
1,1,1,1,0,0,0,0,0,1,1,1,1,1,1,0,12685.8067935147
0,1,1,0,0,0,1,0,1,0,1,0,0,0,0,0,11783.8844544253
1,1,0,0,0,0,0,1,1,1,1,0,0,0,1,0,12205.0592422584
1,1,1,1,0,0,0,1,0,1,1,1,1,1,0,0,11697.2661081943
0,1,1,0,1,1,1,1,1,0,1,0,1,1,1,0,12035.8848899756
1,0,1,1,0,0,1,0,0,0,0,1,0,1,0,1,13968.8967798809
1,0,0,0,0,0,1,1,0,0,0,1,0,1,1,1,13793.2884403047
0,0,0,1,0,0,0,0,0,1,0,0,0,1,1,1,17048.2808412074
0,0,1,0,0,0,0,0,0,1,0,0,0,1,1,1,16816.7888795964
1,1,0,1,1,1,1,1,1,0,1,0,1,1,0,0,12125.0439173409
1,0,0,0,0,0,0,0,0,1,0,0,0,1,1,1,16895.84938809
1,1,1,1,0,1,1,0,1,1,0,1,1,1,1,0,11431.6848852518
1,0,0,1,0,0,1,1,1,0,1,1,1,1,0,0,11775.3668751166
1,1,1,0,0,0,0,0,1,1,1,0,0,0,1,0,12895.2991296867
0,1,0,1,1,1,1,1,1,0,1,0,1,1,1,0,11892.1136865793
0,1,1,1,1,1,1,1,1,0,1,0,1,1,0,0,11728.0813281026
0,0,0,0,1,0,0,0,0,0,0,1,0,0,1,1,17803.0850523518
1,0,1,0,1,0,1,0,1,1,0,0,1,0,1,1,15128.3225779899
1,1,0,0,0,0,1,0,1,0,1,0,0,0,0,0,11800.9701687611
1,0,1,0,0,0,1,1,0,0,0,1,0,1,0,1,14154.6573538458
0,0,0,0,0,0,0,0,0,1,0,0,1,1,1,1,17188.2374703587
1,1,1,1,0,1,1,1,1,1,0,1,1,1,0,0,11756.7361390241
0,0,0,1,1,0,0,0,0,0,0,1,0,0,0,1,17298.0779164402
1,0,1,0,1,0,1,1,1,1,0,0,1,0,0,1,14055.7689963304
1,1,1,0,0,0,0,1,1,1,1,0,0,0,0,0,12919.4681910568
1,1,1,1,0,0,1,0,0,1,1,1,1,0,1,0,11634.4778268194
1,1,1,1,0,0,1,1,0,1,1,1,1,0,0,0,11664.7842919499
1,1,1,1,0,0,1,1,0,1,1,1,1,1,1,0,11640.5767588857
1,1,1,0,1,1,1,1,1,0,1,0,1,0,1,0,11363.4327870576
0,0,0,0,1,0,0,0,1,0,0,1,0,0,0,1,17712.2150058884
1,1,1,0,0,0,0,0,0,0,0,0,0,0,0,1,18032.4570216822
1,1,1,0,0,0,1,1,1,1,1,1,1,1,1,0,11880.3902996355
0,0,1,1,0,0,1,0,1,0,1,1,1,1,1,0,11722.4540517349
0,1,1,0,0,0,0,0,0,0,0,0,0,0,1,1,18208.7154844694
1,1,1,1,0,0,1,1,0,1,0,1,0,1,1,1,14261.680334944
0,1,0,0,1,0,1,0,1,0,1,0,0,0,0,0,11516.0972184183
0,0,1,1,0,0,1,1,1,0,1,1,1,1,0,0,11782.9726400089
0,1,1,1,0,0,1,1,1,1,1,1,1,1,1,0,11626.1664238758
1,1,0,1,0,0,1,1,1,1,1,1,1,1,1,0,11189.4221702957
1,1,0,1,1,1,1,1,1,0,1,0,1,0,1,0,11573.7618270941
1,1,1,1,0,0,1,1,0,1,0,1,1,0,1,1,13842.9487586714
0,0,1,0,1,0,1,0,1,1,0,0,1,1,1,1,14334.5425825388
0,0,1,0,1,0,1,1,1,1,0,0,1,1,0,1,13805.2721300474
1,0,1,1,0,0,1,0,1,0,1,1,1,1,0,0,11703.2511741744
0,0,0,0,0,1,1,0,1,0,1,0,0,0,1,0,11925.2695003658
0,1,0,1,0,0,0,1,1,1,1,0,0,0,1,0,12768.2776553855
1,0,0,0,0,1,1,0,1,0,1,0,0,0,0,0,11835.0518962343
0,1,1,1,1,1,1,1,1,0,1,0,1,0,1,0,11778.80980457
1,0,1,0,1,0,1,0,1,1,0,0,1,1,0,1,14162.7826710235
1,1,0,0,0,0,0,0,0,0,0,0,0,0,1,1,18662.8733604255
0,0,1,0,0,1,1,0,1,0,1,0,0,0,0,0,11593.612417166
0,0,1,0,0,0,1,1,0,0,0,1,0,1,1,1,14354.7947439783
1,1,1,1,1,0,1,1,0,1,1,0,1,1,1,0,11867.297900675
1,0,1,1,1,0,0,0,1,1,0,0,1,0,1,1,18348.8625982512
0,0,0,0,0,1,1,1,1,0,1,0,0,0,0,0,11832.1551448237
1,1,1,1,0,0,1,0,0,1,0,1,1,1,1,1,14024.0792133444
0,0,0,1,0,1,1,0,1,0,1,0,0,0,0,0,11719.8408313217
0,1,1,1,0,0,0,0,1,1,1,0,0,0,1,0,12912.7304580499
0,1,0,1,0,0,0,0,0,0,0,0,0,0,1,1,18403.8452024439
1,0,1,1,1,0,0,1,1,1,0,0,1,0,0,1,16690.2152502807
1,1,1,1,0,0,1,1,0,1,0,1,1,1,0,1,14167.5180021808
0,0,1,1,1,0,0,1,1,1,0,0,1,0,1,1,17356.2146319395
0,1,1,1,0,0,0,0,0,0,0,0,0,0,0,1,19340.0642101562
1,0,1,1,0,0,1,1,1,0,1,0,0,1,1,0,11567.219164185
1,1,0,1,0,0,1,1,0,1,0,1,1,1,1,1,14149.4643532671
0,1,1,1,0,0,0,1,1,1,1,0,0,0,0,0,12375.9115492538
0,0,0,1,0,0,1,1,0,0,0,1,0,1,1,1,14374.6756614003
1,1,1,0,1,0,1,1,1,1,1,0,1,1,1,0,11829.3127049491
1,0,1,1,0,0,1,1,0,0,1,0,1,1,1,0,11764.4886330667
0,1,1,1,0,0,1,1,0,1,0,1,1,1,1,1,14224.7591370086
1,1,1,1,1,1,1,1,1,0,0,0,0,1,1,0,12210.4669072947
0,1,1,1,1,0,1,1,1,1,1,0,1,1,1,0,12308.9863914837
0,0,1,1,0,0,1,1,0,0,0,1,0,1,0,1,14594.0319085473
0,0,1,1,1,0,0,0,1,1,0,0,1,1,1,1,17433.6688825649
1,1,1,1,0,0,0,1,1,0,0,1,1,0,1,1,16707.4241728415
0,0,1,1,1,0,0,1,1,1,0,0,1,1,0,1,17281.3443878303
1,0,0,1,0,0,1,1,0,0,0,1,0,1,0,1,13969.0300173767
1,1,1,1,1,0,0,1,1,0,0,0,1,0,1,1,16730.5331535847
0,1,0,0,0,0,0,0,1,0,0,0,0,0,1,1,18822.0793505296
1,1,0,1,0,0,0,0,1,1,1,0,0,0,1,0,12413.2857279374
1,1,0,1,1,0,1,1,1,1,1,0,1,1,1,0,11225.6072564802
0,1,1,0,0,0,0,0,1,0,0,0,0,0,0,1,19157.5726312873
0,0,0,0,0,0,1,1,0,1,0,1,0,1,1,1,14545.5560153938
1,1,1,0,0,0,1,1,0,1,0,1,1,1,1,1,13887.6787197397
0,1,1,0,0,0,1,1,1,1,0,1,1,1,1,1,14255.7014332897
1,1,1,1,0,0,0,0,1,1,1,0,0,0,0,0,13033.0179073221
0,1,0,0,0,0,0,1,1,1,1,0,1,0,1,0,12470.2983526507
1,1,0,0,0,0,1,1,1,1,0,1,1,1,1,1,13827.8250835984
1,1,0,0,0,0,0,0,1,0,0,0,0,0,0,1,18908.032962387
0,0,0,0,1,1,1,0,1,0,1,0,0,0,0,0,11644.2373359022
0,1,1,0,0,0,0,0,1,1,1,0,1,0,1,0,12172.4684534679
1,1,1,1,1,1,1,1,0,0,1,0,0,1,1,0,12281.5540068084
0,1,0,0,0,1,1,0,1,0,1,0,0,0,0,0,11505.460270358
0,1,0,0,0,1,0,0,1,0,1,0,0,0,1,0,12552.584599333
1,1,1,0,0,0,1,1,1,1,0,1,1,0,1,1,13757.1617245551
1,0,1,1,1,0,1,1,0,1,1,1,1,1,1,0,11906.3760568731
0,0,1,0,0,0,0,0,0,1,0,0,1,1,0,1,17926.6784947275
0,1,1,0,0,0,0,1,1,1,1,0,1,0,0,0,12557.4881637556
1,0,1,1,1,0,0,1,1,0,0,1,1,0,1,1,16893.3540480388
0,1,0,1,0,0,0,0,1,0,0,0,0,0,0,1,17238.1791249793
1,1,1,1,1,0,1,1,0,1,1,1,0,1,1,0,11689.7122021217
0,1,0,0,0,0,0,0,0,0,0,1,0,0,1,1,17936.4930388886
1,1,1,0,0,0,1,0,1,1,0,1,1,1,1,1,13946.7626358836
1,1,1,0,1,0,1,1,0,1,1,1,1,1,1,0,12164.3517981161
1,1,0,0,0,0,0,0,1,1,1,0,1,0,1,0,12745.2426796476
0,1,1,0,0,0,0,0,0,0,0,1,0,0,0,1,17818.3042250923
1,1,1,0,1,1,1,1,1,0,1,0,0,1,1,0,12460.97398158
1,1,1,0,0,0,1,1,1,1,0,1,1,1,0,1,14091.5334326244
1,1,1,1,1,0,0,1,1,0,0,1,0,0,1,1,17024.6336633438
1,1,0,0,0,0,0,0,0,0,0,1,0,0,0,1,17600.8843145608
1,1,0,1,1,1,1,1,1,0,1,0,0,1,1,0,11978.8134877002
1,0,1,1,1,0,0,0,1,1,0,0,1,1,0,1,17100.7979593048
0,0,0,1,0,0,0,0,0,1,0,0,1,1,0,1,17421.6933949202
1,0,0,0,0,0,1,0,0,1,0,1,0,1,1,1,14021.8832883421
0,1,0,1,0,0,1,1,1,1,0,1,1,1,1,1,14725.6938957378
0,1,1,0,0,1,0,0,1,0,1,0,0,0,0,0,11877.792014372
0,1,1,1,0,0,1,1,1,1,0,1,1,0,1,1,14017.2890973525
1,1,0,0,0,1,0,0,1,0,1,0,0,0,0,0,12502.2886197855
0,1,1,1,1,0,1,1,0,1,1,1,1,1,1,0,11712.2465724954
0,1,1,1,1,1,1,1,1,0,1,0,0,1,1,0,11633.495150484
1,1,1,1,1,0,0,1,0,0,0,1,1,0,1,1,16314.8726555942
1,1,0,0,0,0,0,1,1,1,1,0,1,0,0,0,13037.8724222219
1,1,1,0,1,0,0,1,1,0,0,1,1,0,1,1,17580.1071610136
0,0,0,0,1,0,0,0,0,1,0,0,0,1,1,1,16799.6589486836
0,1,1,1,0,0,1,0,1,1,0,1,1,1,1,1,14564.0388625031
0,1,1,1,0,0,1,1,1,1,0,1,1,1,0,1,13903.2862461677
1,1,0,1,0,0,1,1,1,1,0,1,1,0,1,1,13791.5716331081
1,1,0,1,0,0,1,0,1,1,0,1,1,1,1,1,14541.611717916
1,1,1,0,0,0,0,0,1,1,1,0,1,0,0,0,12648.2745395509
1,1,1,1,1,1,1,0,1,0,1,0,0,1,1,0,11960.8505009498
1,1,0,1,1,0,1,1,0,1,1,1,1,1,1,0,11346.661859064
0,1,1,1,1,0,0,1,1,0,0,1,1,0,1,1,17015.170978519
1,1,1,1,1,1,1,1,1,0,1,0,0,1,0,0,12502.8215341563
1,0,0,0,1,0,0,0,0,1,0,0,0,1,0,1,17181.8187443961
0,1,0,0,0,1,0,1,1,0,1,0,0,0,0,0,12661.7127715559
0,0,1,1,1,0,1,0,1,1,0,0,1,0,1,1,15125.1059289492
1,1,0,1,0,0,1,1,1,1,0,1,1,1,0,1,14104.9025142789
1,1,1,1,1,0,0,0,1,0,0,1,1,0,1,1,18550.5448506779
0,1,0,1,0,0,0,0,0,0,0,1,0,0,0,1,18111.2034674538
1,1,1,1,1,1,1,1,1,0,1,0,0,0,1,0,11405.6595859027
0,1,0,1,0,1,0,0,1,0,1,0,0,0,0,0,12372.0218346241
0,1,0,1,0,0,0,0,1,1,1,0,1,0,1,0,11964.1542943429
1,0,0,0,0,0,1,1,0,1,0,1,0,1,0,1,14023.7297341022
0,1,0,0,0,0,0,0,1,0,0,1,0,0,0,1,18639.6942682302
1,1,1,1,1,0,0,1,1,0,0,1,1,0,0,1,17086.2968476325
0,1,0,0,1,0,0,0,0,0,0,0,0,0,1,1,18250.0979440978
0,0,1,0,0,0,1,0,0,1,0,1,0,1,1,1,14057.7667519632
0,0,1,1,1,0,1,1,1,1,0,0,1,0,0,1,13617.7687181276
1,0,1,0,0,0,0,0,0,0,0,0,0,0,1,0,12277.0928568946
1,0,1,0,0,0,0,0,0,0,1,0,0,0,0,0,12441.4895081392
1,0,1,1,1,0,1,0,1,1,0,0,1,0,0,1,15305.6586156044
1,0,1,0,0,0,0,0,0,0,0,0,0,1,0,0,12830.4071536023
0,1,0,1,0,0,0,1,1,1,1,0,1,0,0,0,13191.4075419158
1,1,1,1,0,0,1,0,1,1,0,1,1,0,1,1,14726.3781648537
1,1,0,1,1,0,0,1,1,0,0,1,1,0,1,1,16700.005267145
1,1,1,1,0,0,1,0,1,1,0,1,1,1,0,1,13875.7904367975
0,0,1,0,1,0,0,0,0,1,0,0,0,1,0,1,16950.3053912693
1,1,1,1,0,1,0,1,1,0,0,0,1,0,1,0,12626.0249992913
0,0,1,1,1,0,1,0,1,1,0,0,1,1,0,1,14318.4970537136
1,1,1,1,1,0,0,1,0,1,1,1,1,1,1,0,12701.8439662768
0,0,1,0,0,0,1,1,0,1,0,1,0,1,0,1,14497.3820306391
1,1,1,1,1,0,1,1,0,0,1,1,1,1,1,0,11930.6406673694
1,1,1,1,1,1,0,1,1,0,1,0,0,1,1,0,13195.9284538752
1,1,1,1,1,0,1,1,0,1,0,1,1,1,1,0,11726.4126291792
1,0,1,1,0,0,1,1,0,1,0,1,1,1,1,1,12965.3195946706
1,1,1,1,1,1,0,0,1,0,0,0,1,0,1,0,11785.3638660804
1,0,0,0,1,0,1,1,1,0,0,0,1,1,1,1,13954.3536983951
0,0,0,1,1,0,0,0,0,1,0,0,0,1,0,1,17080.6941054954
0,0,0,0,1,0,0,0,0,1,0,0,1,1,0,1,17731.829814882
1,0,1,0,0,0,1,1,1,1,0,1,1,1,1,1,14502.5328491904
0,0,1,1,0,0,1,1,1,1,0,1,1,1,1,1,14782.9331797046
1,0,1,0,0,0,1,0,0,1,0,1,0,1,0,1,14112.0560714644
0,1,1,0,0,0,0,0,0,1,0,0,0,1,0,1,17263.6139302682
1,1,1,0,1,1,1,1,0,1,0,0,1,1,1,0,11974.3103733683
0,1,0,0,1,1,0,0,1,0,1,0,0,0,0,0,12231.8457061208
1,1,1,1,1,1,0,1,1,0,0,0,1,0,0,0,12787.9371544237
1,1,1,1,1,0,1,1,0,1,1,1,1,0,1,0,11601.2811195455
1,1,1,0,1,1,0,1,1,0,0,0,1,0,1,0,12766.1760323388
1,0,0,1,1,0,0,1,1,0,0,0,1,1,1,1,17048.562193008
1,0,0,1,0,0,1,1,1,1,0,1,1,1,1,1,14246.4814737501
0,0,0,1,0,0,1,0,0,1,0,1,0,1,1,1,14004.9625389691
0,0,0,0,0,0,0,0,0,0,1,0,0,1,1,0,12924.1499088194
1,0,1,0,0,0,1,0,0,0,0,0,0,0,0,0,11791.1788319449
0,1,1,1,1,1,0,1,1,0,0,0,1,0,1,0,12264.4945955906
0,0,0,0,0,0,1,0,0,0,0,0,0,1,1,0,11688.3498161033
0,0,0,0,0,0,1,1,0,0,0,0,0,0,1,0,11832.7146709642
1,1,0,1,1,1,1,1,0,1,0,0,1,1,1,0,11930.2930077499
1,1,0,0,0,0,0,0,0,1,0,0,0,1,0,1,17274.5510789013
1,0,1,1,0,0,0,1,1,1,0,1,1,1,1,1,17250.9787970527
0,1,1,1,1,1,1,1,0,1,0,0,1,1,1,0,11866.6259531765
1,1,1,1,1,1,1,0,0,1,0,0,1,1,1,0,12317.9075475634
1,1,0,1,1,1,0,1,1,0,0,0,1,0,1,0,13058.6336768581
0,0,0,1,0,0,1,1,0,1,0,1,0,1,0,1,14286.9513990081
1,1,0,0,0,0,0,1,0,1,1,1,0,0,1,0,12703.38606534
1,0,1,0,0,0,0,0,0,1,0,0,0,0,0,1,18365.1624955834
1,1,1,1,1,1,1,1,0,1,0,0,1,1,0,0,12056.1641677223
1,0,1,1,0,0,1,1,1,1,0,1,1,0,1,1,13776.8732033994
1,1,1,1,1,0,1,0,0,1,1,1,1,1,1,0,11932.0428944251
1,0,0,1,1,0,1,1,1,0,0,0,1,0,1,1,14093.7855730853
1,0,1,0,0,1,0,0,1,0,1,0,0,0,0,0,12792.369301727
1,0,0,0,0,1,0,0,1,0,1,0,0,0,1,0,12500.8188852692
1,1,1,0,0,0,0,0,0,1,1,1,0,0,1,0,12624.2517171904
0,1,0,1,0,0,0,0,0,1,0,0,0,1,0,1,17129.8467304417
1,1,1,1,1,1,0,1,1,0,0,0,0,0,1,0,12746.8631297074
0,1,0,0,0,0,0,0,0,1,0,0,1,1,0,1,17271.4501534588
1,1,1,1,1,1,1,1,0,1,0,0,1,0,1,0,11677.2142163979
0,1,0,0,1,0,0,0,0,1,0,0,0,1,0,1,17474.5866073035
1,1,1,0,0,0,0,1,0,1,1,1,0,0,0,0,12409.9935270581
1,0,1,1,1,1,0,1,1,0,0,0,1,0,1,0,12829.7343555814
1,1,1,1,1,1,0,1,0,1,0,0,1,1,1,0,13136.8346411115
0,1,1,0,0,0,0,1,0,1,1,1,0,0,1,0,11407.8497118704
1,1,1,1,1,0,0,1,1,0,0,0,1,0,1,0,12695.3975451333
1,0,0,1,1,0,1,1,1,0,0,0,1,1,0,1,13915.8070827423
0,1,0,1,0,0,0,1,0,1,1,1,0,0,1,0,12682.4788539511
1,1,1,1,1,1,1,0,0,1,1,0,0,1,1,0,11835.8609246871
0,0,0,1,1,0,1,1,1,0,0,0,1,1,1,1,14160.6143275814
0,0,1,1,0,0,1,0,0,1,0,1,0,1,0,1,14081.3645654924
1,0,1,1,0,0,1,0,1,1,0,1,1,1,1,1,14887.1548941579
0,0,1,0,0,1,0,0,1,0,1,0,0,0,1,0,12655.1964919799
1,0,0,1,0,1,0,0,1,0,1,0,0,0,0,0,12684.3268269079
1,1,1,0,1,1,1,1,0,1,1,0,0,1,1,0,12467.6012899843
1,1,0,1,1,1,1,1,0,1,1,0,0,1,1,0,12712.3939082357
0,0,0,1,0,0,0,0,0,1,0,0,0,0,1,1,18206.7527950486
1,1,1,1,1,0,1,1,0,1,1,1,1,1,0,0,11769.8950982502
1,1,1,1,1,0,1,1,1,0,1,1,0,1,1,0,11435.8147602957
0,0,0,0,1,0,1,1,0,0,0,1,0,1,1,1,14145.802040511
1,1,1,1,0,0,0,1,1,0,0,1,1,0,1,0,12392.9964759728
1,1,0,1,0,0,0,0,0,1,1,1,0,0,1,0,12034.0504407718
1,1,0,1,0,0,0,1,0,1,1,1,0,0,0,0,12410.2389376945
1,1,1,1,1,0,0,1,1,1,1,1,0,1,1,0,12496.3380807845
1,1,1,1,1,0,1,1,1,1,1,1,0,0,1,0,11663.4916697735
0,0,1,1,0,1,0,0,1,0,1,0,0,0,0,0,11954.3098244182
0,0,0,1,0,1,0,0,1,0,1,0,0,0,1,0,12097.6865583801
0,1,1,1,0,0,0,0,0,1,1,1,0,0,1,0,12362.0141348989
1,0,1,0,1,0,0,1,1,0,0,0,1,1,1,1,16973.4968564399
1,0,1,1,0,0,1,1,1,1,0,1,1,1,0,1,14031.4773385404
0,0,0,0,1,1,0,0,1,0,1,0,0,0,1,0,11916.3852558696
1,1,1,0,0,1,0,1,1,0,0,1,1,0,1,0,12411.5102844322
1,0,1,0,0,0,0,0,0,0,0,0,1,0,0,1,18348.9921826315
1,1,1,1,0,0,0,1,0,1,0,1,1,1,1,1,16830.9256375157
1,1,1,1,1,1,1,1,0,1,1,0,0,0,1,0,11721.0811210465
1,0,0,0,1,0,1,0,0,0,0,1,0,1,1,1,13826.1653836374
1,0,0,0,1,0,1,1,0,0,0,1,0,1,0,1,13926.0752023622
1,1,1,1,1,1,1,1,0,1,1,0,0,1,0,0,11917.7593127165
0,1,1,1,0,1,0,1,1,0,0,1,1,0,1,0,12598.9632572448
0,0,0,0,0,0,0,0,0,1,0,0,1,0,1,1,18302.9573863559
1,0,1,0,1,0,1,1,1,0,0,0,1,0,1,1,13768.7092852382
0,0,1,0,1,1,0,0,1,0,1,0,0,0,0,0,12734.88389087
1,0,1,0,1,0,1,0,1,0,0,0,1,1,1,1,14342.6696689035
1,0,1,0,1,0,1,1,1,0,0,0,1,1,0,1,13949.6125676096
1,1,1,1,1,1,0,1,0,1,1,0,0,1,1,0,12466.1066270908
1,0,0,0,0,0,0,0,0,1,0,1,0,1,0,1,17301.2479605837
1,1,1,0,1,1,1,0,0,1,1,0,1,1,1,0,11618.9679340328
0,1,1,1,0,0,0,1,0,1,1,1,0,0,0,0,12777.1531486235
0,0,0,1,0,0,0,0,0,0,0,0,1,0,1,1,18399.3752685805
1,1,0,1,0,1,0,1,1,0,0,1,1,0,1,0,12445.9150231257
1,1,1,1,0,0,0,0,0,1,1,1,0,0,0,0,12388.1809844532
0,0,1,0,0,0,0,0,0,1,0,1,0,1,0,1,17340.6201704034
1,1,1,0,0,0,0,1,1,1,0,1,1,1,1,1,16926.3778366685
1,1,0,1,1,1,1,0,0,1,1,0,1,1,1,0,11947.0318815698
0,0,0,1,0,0,0,0,0,1,0,0,1,0,0,1,18402.3387269189
0,0,1,0,1,0,1,1,1,0,0,0,1,1,1,1,14295.3436610459
0,1,1,1,0,0,0,1,1,1,0,1,1,1,1,1,17474.7985217668
1,1,0,0,0,0,0,0,0,1,1,1,1,0,1,0,12773.6410763643
1,1,0,1,0,0,0,1,1,1,0,1,1,1,1,1,16638.5468383515
0,0,1,0,1,0,1,0,0,0,0,1,0,1,1,1,14716.088048045
0,0,0,1,0,0,0,0,0,1,0,1,0,1,0,1,17226.2246623341
0,0,1,0,0,0,0,0,0,1,0,0,0,0,1,1,18111.7782613593
0,0,1,0,1,0,1,1,0,0,0,1,0,1,0,1,14057.596007155
1,1,1,1,0,0,0,1,1,1,0,1,1,0,1,1,16922.5016627788
1,1,0,0,0,0,0,1,0,1,1,1,1,0,0,0,12916.3052594164
0,0,0,0,0,1,0,1,1,0,1,0,0,0,1,0,12787.742147141
1,1,1,1,0,1,0,0,1,0,0,1,1,0,1,0,12459.8101774453
1,1,1,1,0,1,0,1,1,0,0,1,1,0,0,0,11752.8972213056
0,0,0,0,0,0,0,0,0,1,0,1,1,1,0,1,16778.0506061574
0,1,1,0,0,0,0,1,0,1,1,1,1,0,0,0,12412.6522460191
1,1,1,1,0,0,0,0,1,1,0,1,1,1,1,1,17312.4134780832
1,1,1,1,1,0,1,0,1,1,1,1,0,1,1,0,11590.4411873927
1,1,1,0,0,0,0,0,0,1,1,1,1,0,0,0,12732.7736553643
1,1,1,0,1,0,1,1,1,0,1,1,1,1,1,0,11492.1659207857
0,1,1,1,1,1,1,0,0,1,1,0,1,1,1,0,11540.9845665261
0,0,1,1,1,0,1,0,0,0,0,1,0,1,0,1,14062.7089276172
0,0,0,0,1,0,0,0,0,1,0,1,0,1,0,1,17289.9447701531
0,1,1,1,1,0,1,1,1,0,1,1,1,1,1,0,11831.6774086209
0,1,0,1,0,0,0,0,0,1,1,1,1,0,1,0,12167.4657780963
1,1,1,1,0,0,0,1,1,1,0,1,1,1,0,1,16950.1618491407
1,1,1,0,1,0,0,1,1,0,0,1,1,0,1,0,12937.3662490714
1,1,0,1,1,0,1,1,1,0,1,1,1,1,1,0,11489.1296965844
1,0,0,0,0,1,0,1,1,0,1,0,0,0,0,0,12808.6826038877
0,1,0,0,0,0,0,0,0,1,0,1,0,1,0,1,17061.2002528835
1,0,1,1,0,0,1,1,1,1,0,0,1,1,1,1,14281.508083389
0,1,0,1,0,0,0,1,0,1,1,1,1,0,0,0,12712.6888330356
0,1,1,1,1,0,0,1,1,0,0,1,1,0,1,0,12742.8229404629
1,1,1,1,1,1,1,0,0,1,1,0,1,0,1,0,11682.0338635786
1,0,1,1,1,0,0,1,1,0,0,0,1,0,1,1,16982.143625039
0,1,1,1,0,0,0,0,0,1,1,1,1,0,0,0,12485.5646483636
1,0,0,0,0,0,0,0,0,1,0,0,0,0,1,1,17417.3485413555
1,1,0,1,0,0,0,0,0,1,1,1,1,0,0,0,12797.3357382789
1,0,0,1,0,1,1,1,0,0,1,0,0,1,1,0,12396.9720093831
0,0,1,1,0,0,0,0,0,1,0,0,0,0,0,1,17685.2432747108
0,1,0,0,0,0,0,1,1,1,1,1,0,0,1,0,12322.8343238114
1,1,1,1,1,1,1,0,0,1,1,0,1,1,0,0,11775.0816143677
1,1,0,1,1,0,0,1,1,0,0,1,1,0,1,0,12453.5803418489
1,1,0,0,1,1,1,1,0,1,1,0,1,1,1,0,11866.8346747741
0,0,0,1,1,0,1,0,0,0,0,1,0,1,1,1,13882.5498023765
1,0,0,1,0,0,0,0,0,1,0,0,0,0,0,1,18368.9798183865
1,0,1,0,1,0,1,1,1,1,0,0,1,1,1,1,14029.7064400229
0,0,0,1,1,0,1,1,0,0,0,1,0,1,0,1,14444.1369149262
1,0,0,1,1,0,1,0,0,0,0,1,0,1,0,1,13878.0597517556
0,0,1,1,1,0,1,1,1,1,0,0,1,1,1,1,14209.5098446911
1,1,1,0,1,0,0,1,1,1,1,1,1,1,1,0,12491.6956785564
1,1,1,1,1,0,0,1,1,0,0,1,1,0,0,0,12957.8828887924
1,1,0,0,0,0,0,0,1,1,1,1,0,0,1,0,13063.2815549853
0,0,0,0,1,0,1,0,0,1,0,1,0,1,1,1,14520.1060069928
1,0,0,0,0,0,0,0,1,1,0,0,0,1,0,1,17446.1366263272
0,1,1,1,1,0,0,1,1,1,1,1,1,1,1,0,12663.7565657444
0,1,1,0,0,0,0,0,1,1,1,1,0,0,1,0,13005.1055883522
1,1,1,1,0,0,0,1,1,0,0,0,0,1,1,0,12553.2298741207
1,0,0,1,1,0,1,1,1,1,0,0,1,1,1,1,14166.1090788523
0,0,1,0,0,0,0,0,1,1,0,0,0,1,0,1,17324.5232712323
0,0,0,0,1,0,1,1,0,1,0,1,0,1,0,1,14293.637048059
1,1,0,1,1,0,0,1,1,1,1,1,1,1,1,0,12755.3676044084
0,0,1,0,0,0,0,0,0,0,0,0,1,0,1,1,18283.8858756221
0,1,1,0,0,0,0,1,1,1,1,1,0,0,0,0,12253.992963683
1,1,1,0,0,0,0,0,1,1,1,1,0,0,0,0,11616.5282933005
1,1,1,0,1,0,1,1,1,1,0,1,1,1,1,0,11614.1635119121
0,0,0,1,0,0,0,0,1,1,0,0,0,1,0,1,17053.2315943312
1,0,1,1,1,0,0,1,1,1,0,0,1,1,1,1,16856.9230196084
1,0,1,1,1,0,1,1,1,1,0,0,1,0,1,1,14674.0612120735
1,0,1,1,1,0,1,0,1,1,0,0,1,1,1,1,15077.8560127542
0,0,1,0,0,1,0,1,1,0,1,0,0,0,0,0,12470.0431138184
1,0,0,0,0,0,0,0,0,0,0,0,1,0,1,1,17812.861869491
0,1,1,1,1,0,1,1,1,1,0,1,1,1,1,0,11629.7693299281
1,0,1,1,1,0,1,1,1,1,0,0,1,1,0,1,14555.7196572869
0,0,1,0,0,0,0,0,0,1,0,0,1,0,0,1,19066.4467128921
0,0,1,0,1,0,1,0,0,1,0,1,0,1,0,1,14638.4380360528
0,1,1,0,1,1,1,1,0,1,1,0,1,1,1,0,12703.3061434571
0,0,0,0,0,0,0,0,1,1,0,0,1,1,0,1,17307.8365303152
0,0,0,1,0,1,0,1,1,0,1,0,0,0,0,0,13124.0550765949
1,0,0,0,1,0,1,0,0,1,0,1,0,1,0,1,14220.8883893436
0,1,0,1,1,1,1,1,0,1,1,0,1,1,1,0,12395.4633174189
1,0,0,0,0,0,0,0,0,1,0,0,1,0,0,1,18580.4277533561
1,1,0,1,1,0,1,1,1,1,0,1,1,1,1,0,11978.6260016845
1,1,1,1,1,0,0,0,1,0,0,1,1,0,1,0,12780.7921640832
0,0,1,0,1,0,1,1,1,1,0,1,1,1,1,1,13649.8595594123
0,0,0,0,1,1,0,1,1,0,1,0,0,0,0,0,12491.5580398427
0,1,0,1,0,0,0,0,1,1,1,1,0,0,1,0,11895.6047608144
1,1,0,1,1,1,0,1,0,1,1,0,1,1,1,0,10750.9459575794
0,0,0,1,1,0,1,0,0,1,0,1,0,1,0,1,14067.1059614371
0,0,0,1,0,0,1,1,0,0,0,1,1,1,0,1,13925.136406105
0,1,0,1,0,0,0,1,1,1,1,1,0,0,0,0,12482.8072732304
0,0,0,0,0,0,1,1,0,1,0,1,1,1,0,1,14356.0813389621
1,1,0,1,1,1,1,1,0,1,1,0,1,1,0,0,11949.0780204909
0,0,0,0,1,0,1,1,0,0,0,1,1,1,0,1,13933.9887303083
0,0,0,0,1,0,0,0,1,1,0,0,0,1,0,1,17245.0618496119
0,0,1,1,0,0,0,0,0,0,0,0,1,0,0,1,18181.3920048829
1,0,1,0,0,0,0,0,1,0,1,0,0,0,1,0,12017.1227851304
0,0,0,0,0,0,0,0,1,1,0,1,0,1,0,1,17256.7074727951
0,1,1,1,0,0,0,0,1,1,1,1,0,0,0,0,13008.784015023
1,0,0,1,0,0,0,0,0,0,0,0,1,0,0,1,18716.9585544249
1,1,1,0,1,0,1,1,1,1,1,1,1,0,1,0,11647.5634300412
1,0,1,1,0,0,0,0,0,0,0,0,0,0,1,1,18657.0974754296
0,1,1,1,1,1,0,1,0,1,1,0,1,1,1,0,13450.6589045161
1,0,1,0,1,0,0,0,0,0,0,0,0,0,1,1,18371.4449370134
0,1,1,1,1,1,1,1,0,1,1,0,1,1,0,0,11864.8527882586
1,0,1,1,0,0,0,0,1,0,1,0,0,0,0,0,12680.7467397455
1,1,1,1,0,0,0,1,0,1,0,0,0,1,1,0,12557.8385276415
1,1,1,1,0,0,0,0,1,1,0,1,0,1,0,0,12222.0938209505
0,1,0,0,0,0,1,1,0,0,0,1,0,1,1,1,14194.4228484893
1,0,0,0,1,0,1,1,1,1,0,1,1,1,1,1,13945.333898789
0,0,1,1,1,0,0,0,0,0,0,0,0,0,1,1,17749.3753904974
1,0,0,1,0,0,0,0,1,0,1,0,0,0,1,0,12591.2110789973
1,1,1,1,1,1,0,1,0,1,1,0,1,1,0,0,12281.1158303227
1,0,1,0,1,0,0,1,1,1,0,1,1,1,1,1,16820.3255781891
1,1,0,1,0,0,0,0,1,1,1,1,0,0,0,0,13180.277501486
1,1,1,1,0,0,0,0,1,1,0,1,0,0,1,0,12820.4065245685
0,1,0,0,0,0,0,0,1,1,1,1,1,0,1,0,12340.2453259257
1,0,0,1,1,0,0,0,0,0,0,0,0,0,1,1,18439.7120462725
1,1,1,1,1,1,0,0,1,0,0,1,1,0,0,0,12282.5717491775
1,1,0,0,0,0,1,0,0,0,0,1,0,1,1,1,14410.1879129323
1,1,1,0,1,1,0,0,1,0,0,1,1,0,1,0,12703.0759136784
0,0,1,1,0,0,0,0,1,0,1,0,0,0,1,0,12879.0642898272
1,1,1,1,0,0,0,1,1,1,0,1,0,0,0,0,12134.1755425928
0,1,1,1,1,1,0,0,1,0,0,1,1,0,1,0,12659.7234838578
1,1,0,0,0,0,0,1,1,1,0,1,0,1,1,0,11963.7221175486
1,1,0,1,1,1,0,0,1,0,0,1,1,0,1,0,12512.2231622476
1,0,1,1,1,0,0,0,0,0,0,0,0,0,0,1,18638.6539613626
0,1,1,0,0,0,0,1,1,1,0,1,0,1,1,0,11944.0392825221
1,1,1,0,1,1,0,1,0,1,1,0,1,1,1,0,12643.348847283
1,1,1,1,1,1,0,1,0,0,0,1,0,0,1,0,12762.3706929269
1,1,0,0,0,0,1,1,0,0,0,1,0,1,0,1,13863.1747281256
1,1,0,0,0,0,0,0,1,1,1,1,1,0,0,0,12470.9635565454
1,1,1,1,0,0,1,1,0,0,0,0,1,1,1,1,13678.0527412285
1,0,1,0,1,0,1,1,1,1,0,1,1,0,1,1,14253.757767438
1,0,1,0,1,0,1,0,1,1,0,1,1,1,1,1,14369.7348185603
1,0,1,0,1,0,1,1,1,1,0,1,1,1,0,1,13801.9545560395
0,1,1,0,0,0,1,0,0,0,0,1,0,1,1,1,14412.6182719468
1,0,1,1,0,0,1,1,1,0,0,0,1,1,1,1,13576.3744682101
0,1,0,1,0,0,0,1,1,1,0,1,0,1,1,0,12178.4499432339
1,1,1,0,0,0,1,1,1,0,0,0,1,1,1,1,14476.570902056
0,1,1,1,0,0,1,1,1,0,0,0,1,1,1,1,14226.2278904997
1,1,1,0,0,0,0,0,0,0,0,0,0,0,1,1,17454.6557218909
1,1,0,1,0,0,0,0,0,0,0,0,0,0,1,1,17931.4596894236
0,1,1,1,0,0,0,0,0,0,0,0,0,0,1,1,18098.5634722726
0,1,1,0,0,0,1,1,0,0,0,1,0,1,0,1,14558.0999634992
1,0,1,0,1,0,0,0,1,0,1,0,0,0,0,0,12723.4727619689
1,1,1,0,1,1,1,1,0,1,1,0,1,1,0,0,11833.8845556298
1,0,0,0,1,0,0,0,1,0,1,0,0,0,1,0,12077.8697596889
1,1,0,1,0,0,1,1,1,0,0,0,1,1,1,1,13864.6986416827
1,1,1,0,1,1,1,1,0,1,1,0,1,0,1,0,11907.9025698931
1,1,0,1,1,0,1,1,1,1,1,1,1,0,1,0,11741.816276447
0,0,1,0,1,0,0,0,1,0,1,0,0,0,1,0,12986.0663100461
1,1,1,1,0,0,0,0,0,0,0,0,0,0,0,1,18181.7726918865
0,0,0,1,1,0,0,0,1,0,1,0,0,0,1,0,11513.5800513472
1,0,0,1,0,0,0,1,1,1,0,1,0,1,1,0,12921.3598903631
1,1,1,0,0,0,1,0,0,0,0,1,0,1,0,1,14307.8179605776
0,1,0,1,0,0,1,0,0,0,0,1,0,1,1,1,14831.566750436
1,1,1,0,1,0,1,0,1,1,1,1,1,1,1,0,11805.455563675
0,1,1,0,1,0,0,0,0,0,0,0,0,0,1,1,18390.3115006105
0,0,1,1,0,0,0,1,1,1,0,1,0,1,1,0,12749.3651030162
1,1,1,1,0,0,1,0,1,0,0,0,1,1,1,1,14222.9993848553
0,0,0,1,0,0,0,0,1,1,0,0,0,0,0,1,19016.6229928679
0,1,0,1,0,0,1,1,0,0,0,1,0,1,0,1,14515.6768124244
1,1,1,1,0,0,1,1,1,0,0,0,1,1,0,1,14131.8170484991
0,1,1,0,0,0,0,0,1,1,1,1,1,0,0,0,12590.086000008
0,1,1,1,1,0,1,0,1,1,1,1,1,1,1,0,11854.3365630252
1,1,1,0,1,0,0,0,0,0,0,0,0,0,0,1,19070.8473551879
0,0,0,1,1,0,1,1,1,1,0,1,1,1,1,1,13851.3363194513
1,1,1,1,1,0,1,0,0,0,0,0,1,1,1,1,14196.6299688579
1,1,0,1,1,1,1,1,0,1,1,0,1,0,1,0,11596.0387915355
0,1,1,1,1,1,1,1,0,1,1,0,1,0,1,0,11468.3282313928
1,1,0,1,0,0,1,0,0,0,0,1,0,1,0,1,14525.8834621918
0,1,0,1,0,0,0,0,1,1,1,1,1,0,0,0,12573.2205447529
0,1,1,1,0,0,1,0,0,0,0,1,0,1,0,1,15100.0467199291
1,0,1,1,0,0,0,0,1,1,0,1,0,1,1,0,13052.6275291918
0,1,0,1,1,0,0,0,0,0,0,0,0,0,1,1,18870.0072792632
1,0,1,1,0,0,0,1,1,1,0,1,0,0,1,0,11948.8978519865
1,0,1,1,0,0,0,1,0,1,1,0,0,0,1,0,12002.746417017
1,1,0,1,1,0,1,0,1,1,1,1,1,1,1,0,11844.8286072812
1,0,1,0,0,0,0,1,0,1,1,0,1,0,1,0,11867.0915762477
1,1,1,1,1,1,0,1,0,1,1,0,1,0,1,0,12748.1586338615
1,1,1,1,1,0,1,1,0,0,0,0,1,1,0,1,15003.4247266187
1,1,1,0,1,0,1,1,1,1,1,1,1,1,0,0,11712.8779439191
0,0,0,0,0,0,0,0,1,0,0,0,1,0,1,1,18305.8108539662
1,0,1,1,0,0,0,1,1,1,0,1,0,1,0,0,12192.1916277826
0,0,1,1,1,0,0,1,1,1,0,1,1,1,1,1,17862.3221920076
1,1,1,1,1,1,1,1,0,1,1,0,1,0,0,0,11609.0000239514
1,0,1,1,1,0,1,1,0,0,0,0,1,1,1,1,13786.0523105935
0,1,1,1,1,0,0,0,0,0,0,0,0,0,0,1,18352.5076784843
1,1,1,0,1,0,1,1,0,0,0,0,1,1,1,1,14025.6465866068
0,0,0,0,0,0,0,0,1,1,0,0,1,0,0,1,18716.9991355191
1,1,0,1,1,0,0,0,0,0,0,0,0,0,0,1,18244.6246592225
0,1,0,0,0,0,1,0,0,1,0,1,0,1,1,1,14502.2743539363
0,1,0,0,0,0,1,1,0,1,0,1,0,1,0,1,14651.643918391
0,1,1,0,0,0,1,0,0,1,0,1,0,1,0,1,14131.3979040523
1,1,1,1,1,1,1,0,1,1,0,0,0,1,1,0,12696.756315117
0,1,1,1,1,0,1,1,0,0,0,0,1,1,1,1,14015.4642567724
0,0,1,1,1,0,1,1,1,1,0,1,1,0,1,1,14035.0441549732
1,1,0,1,1,0,1,1,0,0,0,0,1,1,1,1,13774.868466324
1,1,1,1,0,0,1,1,1,0,0,1,1,1,1,1,14136.8502437333
1,0,1,1,1,0,1,0,1,0,0,0,1,1,1,1,14558.3370154988
1,0,1,1,1,0,1,1,1,0,0,0,1,1,0,1,14022.56967401
1,1,1,0,0,0,0,0,1,1,0,1,0,1,1,0,12739.2192348839
0,1,1,1,1,0,1,1,1,1,1,1,1,1,0,0,11723.7139486048
1,1,0,0,0,0,1,0,0,1,0,1,0,1,0,1,14349.104051891
1,1,0,1,1,0,1,1,1,1,1,1,1,1,0,0,11785.3587946449
1,1,1,1,0,0,1,1,1,0,1,1,1,1,1,0,11963.1272616871
0,0,0,1,0,0,0,0,1,0,0,0,1,0,0,1,18372.4321752958
1,0,1,0,0,0,0,0,0,1,0,0,0,0,1,1,18968.3753509021
0,0,1,1,1,0,1,0,1,1,0,1,1,1,1,1,14056.4947720157
0,1,0,1,0,0,1,0,0,1,0,1,0,1,0,1,14196.0963024851
0,0,1,1,1,0,0,0,1,0,1,0,0,0,0,0,12662.8141932512
1,0,1,0,1,0,1,1,1,0,0,0,1,1,1,1,14179.4226514699
1,0,0,1,0,0,0,1,0,1,1,0,1,0,1,0,12552.0308541781
1,0,1,1,1,1,1,1,0,0,0,1,1,1,1,0,12238.0702197825
0,0,1,1,1,0,1,1,1,1,0,1,1,1,0,1,14180.8329463753
1,0,1,1,0,0,0,0,0,1,1,0,1,0,1,0,12760.2538609836
1,0,0,1,1,0,0,1,1,1,0,1,1,1,1,1,17570.3226193764
0,0,1,0,0,0,0,0,1,1,0,0,0,0,0,1,18137.9424130902
1,1,1,1,0,0,1,1,1,1,1,1,1,0,1,0,11769.8886657363
1,0,1,1,0,0,0,0,0,1,0,0,0,0,0,1,18695.7639950745
0,0,1,1,0,0,0,0,0,1,0,0,0,0,1,1,18204.8005947186
1,1,1,0,0,0,0,1,1,1,0,1,0,0,1,0,11484.5499639265
1,0,1,1,1,0,1,1,1,0,1,0,1,1,1,0,11795.9837557508
1,0,0,0,0,0,0,0,1,1,0,0,0,0,0,1,17800.0435687368
0,0,1,1,1,0,1,1,1,0,0,0,1,1,1,1,13969.2094574134
1,0,1,1,0,0,0,1,0,1,1,0,1,0,0,0,13190.0236372922
1,1,1,0,0,0,0,1,1,1,0,1,0,1,0,0,12370.2001785001
1,0,0,1,0,0,0,0,0,1,0,0,0,0,1,1,18518.3408543381
0,0,1,1,0,0,0,1,0,1,1,0,1,0,1,0,11968.9749292676
0,1,0,0,1,0,1,0,0,0,0,1,0,1,1,1,14632.6355812711
1,0,1,0,1,0,0,0,0,1,0,0,0,0,0,1,18599.1320263722
1,0,0,1,1,0,1,0,1,1,0,1,1,1,1,1,14110.1908580201
1,0,0,1,1,0,1,1,1,0,0,0,1,1,1,1,14188.4520765763
0,0,1,0,1,0,0,0,0,1,0,0,0,0,1,1,18316.8561972556
1,0,0,1,1,0,1,1,1,1,0,1,1,1,0,1,14324.2187219986
1,0,1,0,0,0,0,1,1,0,1,0,0,0,0,0,12647.2166321034
1,0,1,1,0,0,1,1,1,1,1,0,1,1,1,0,11926.145633094
1,0,1,1,1,0,0,1,1,1,0,1,1,0,1,1,16785.425783946
0,0,1,0,0,0,0,0,1,0,0,0,1,0,0,1,18082.3262584939
1,0,0,0,1,0,0,0,0,1,0,0,0,0,1,1,18478.4262702554
1,0,0,0,0,0,0,0,1,0,0,0,1,0,0,1,17257.779546941
0,0,0,1,0,0,0,1,1,0,1,0,0,0,1,0,12954.3005752159
1,0,1,0,0,0,0,1,1,1,1,0,0,0,1,0,12365.9467938081
1,0,0,1,0,0,0,1,1,1,1,0,0,0,1,0,13364.4037719404
0,0,0,1,1,0,0,0,0,1,0,0,0,0,1,1,18222.1970457637
1,1,1,1,0,0,1,0,1,1,1,1,1,1,1,0,11676.5707414806
0,0,1,1,1,0,0,0,0,1,0,0,0,0,0,1,17992.7264478459
1,0,0,1,0,0,0,1,1,0,1,0,0,0,0,0,12749.1279822145
0,1,0,0,1,0,1,1,0,0,0,1,0,1,0,1,14479.2917050702
0,0,0,0,0,0,0,0,0,0,0,1,1,0,1,1,17883.8148794328
1,0,0,1,1,0,0,0,0,1,0,0,0,0,0,1,18803.0644889094
1,1,0,1,0,0,0,0,1,1,0,1,0,1,1,0,13309.3103488729
1,1,1,0,0,0,0,0,0,1,0,0,0,0,0,1,18818.1843710389
0,1,1,0,1,0,1,0,0,0,0,1,0,1,0,1,14160.9778007092
1,1,1,0,1,0,1,0,1,0,0,0,1,1,1,1,14748.9669288514
1,1,0,0,1,0,1,0,0,0,0,1,0,1,0,1,14342.3675629397
0,0,1,1,0,0,0,1,1,0,1,0,0,0,0,0,12134.5397787726
0,0,0,0,1,0,0,1,1,0,1,0,0,0,1,0,12377.5014687963
1,1,0,1,0,0,0,1,1,1,0,1,0,0,1,0,13352.4096820212
0,1,0,1,1,0,1,0,0,0,0,1,0,1,0,1,14378.0080004793
1,0,1,1,1,0,1,1,1,1,1,0,0,1,1,0,11911.2281600081
1,1,0,1,1,0,1,0,1,0,0,0,1,1,1,1,14310.5884117592
0,1,1,1,1,0,1,0,1,0,0,0,1,1,1,1,14202.11225765
1,1,1,1,1,0,1,0,1,0,0,0,1,1,0,1,14268.6180933392
0,1,0,0,1,0,1,0,0,1,0,1,0,1,0,1,14227.561929521
1,1,1,1,0,0,1,1,1,1,1,1,1,1,0,0,11628.9727536816
1,1,1,0,1,0,1,1,1,0,0,0,1,1,0,1,13987.3047589059
0,0,1,0,1,0,0,1,1,0,1,0,0,0,0,0,12528.4298937332
1,0,1,1,1,0,0,0,1,1,0,1,1,1,1,1,17712.4625988532
1,0,0,0,1,0,0,1,1,0,1,0,0,0,0,0,13238.3098751931
0,1,1,0,0,0,0,0,0,1,0,0,0,0,1,1,18229.822265975
1,1,0,0,0,0,0,0,0,1,0,0,0,0,1,1,18275.5750043284
1,1,1,1,0,0,1,1,1,1,1,0,0,1,1,0,11515.1350093146
0,0,0,1,0,0,0,0,0,0,0,1,1,0,0,1,18182.914526535
1,0,1,1,1,0,0,1,1,1,0,1,1,1,0,1,16851.2656965955
1,0,1,1,0,0,0,1,1,1,1,0,0,0,0,0,12733.41143942
0,1,0,1,0,0,0,0,0,1,0,0,0,0,1,1,17982.3797128809
1,1,0,0,1,0,1,1,1,0,0,0,1,1,1,1,13744.038769975
0,1,0,0,0,0,1,0,0,0,0,1,1,1,1,1,14964.3031580598
1,1,1,0,1,0,1,1,1,1,1,0,0,1,1,0,11413.3224183927
0,0,1,0,0,0,0,0,0,0,0,1,1,0,0,1,17868.0683325356
0,1,1,1,0,0,0,0,0,1,0,0,0,0,0,1,17995.5243003274
0,1,0,0,0,0,1,1,0,0,0,1,1,1,0,1,14107.2355513295
0,1,1,0,1,0,1,1,1,0,0,0,1,1,1,1,13933.7986664061
0,0,1,1,0,0,0,1,1,1,1,0,0,0,1,0,13039.1437650787
1,1,0,0,0,0,1,0,0,0,0,1,1,1,0,1,14002.352988166
1,1,0,1,1,0,1,1,1,1,1,0,0,1,1,0,11695.0101831683
0,1,0,1,0,0,1,0,0,0,0,1,1,1,0,1,14330.8962802456
1,0,0,0,0,0,0,1,1,1,1,0,1,0,1,0,13065.280634608
1,1,0,1,0,0,0,0,0,1,0,0,0,0,0,1,18629.9316693892
1,1,0,0,0,0,0,0,1,0,1,0,0,0,1,0,12697.5425473262
1,0,0,0,0,0,0,0,0,0,0,1,1,0,0,1,18380.192318297
1,1,1,1,1,0,1,1,1,1,0,0,1,1,1,0,11731.4392309363
1,1,0,1,1,0,1,1,1,0,0,0,1,1,0,1,14066.4943507042
1,1,0,1,0,0,0,1,1,1,0,1,0,1,0,0,13131.3912049385
0,1,0,0,0,0,1,0,0,1,0,1,1,1,0,1,14246.5790010928
0,1,1,1,1,0,1,1,1,0,0,0,1,1,0,1,14178.3619651284
0,1,0,0,1,0,0,0,0,1,0,0,0,0,1,1,18239.5839458015
0,1,1,1,0,0,0,0,1,1,0,1,0,1,1,0,12402.290969557
0,1,1,1,0,0,0,1,1,1,0,1,0,0,1,0,13345.1698478948
0,1,1,1,0,0,0,1,1,1,0,1,0,1,0,0,12806.2614353109
1,1,0,0,1,0,0,0,0,1,0,0,0,0,0,1,18560.5271064192
1,1,1,0,0,0,0,1,0,1,0,1,0,1,1,0,12291.4274076362
0,1,0,1,1,0,1,1,1,0,0,0,1,1,1,1,13984.6372269895
1,1,0,1,0,0,0,1,0,1,0,1,0,1,1,0,12080.496046987
0,1,0,0,1,0,1,0,0,0,0,1,1,1,0,1,14190.661274697
1,1,1,1,1,0,1,0,1,1,1,0,0,1,1,0,11850.2074157695
1,1,1,1,1,0,1,1,1,1,1,0,0,1,0,0,11519.7017961918
0,1,1,1,0,0,0,1,0,1,0,1,0,1,1,0,12709.4738722873
1,1,1,1,1,0,1,1,1,1,1,0,0,0,1,0,11767.7677974577
0,0,0,0,0,0,1,1,1,0,0,1,0,1,1,1,14317.595710671
1,0,1,1,1,0,1,0,1,1,0,1,1,0,1,1,14606.0111553226
1,0,1,1,1,0,1,1,1,1,0,1,1,0,0,1,13801.1930561724
1,0,1,1,1,0,1,0,1,1,0,1,1,1,0,1,14039.6589591295
1,0,0,0,0,0,1,0,1,0,0,1,0,1,1,1,13952.7751436707
1,1,1,1,0,0,0,1,0,1,0,1,0,0,1,0,12537.1141350054
1,1,1,1,1,0,1,1,1,0,1,0,1,1,1,0,11353.8804139734
1,1,1,1,1,0,0,1,1,1,1,0,0,1,1,0,13032.8126117911
0,1,1,0,1,0,0,0,0,1,0,0,0,0,0,1,18114.9273908176
1,0,1,1,0,1,1,1,1,1,1,0,0,1,1,0,11925.7958889639
1,1,1,1,0,0,0,1,0,1,0,1,0,1,0,0,12609.722253962
1,1,1,1,0,0,0,0,0,1,0,1,0,1,1,0,11803.3627529336
0,1,0,1,1,0,0,0,0,1,0,0,0,0,0,1,18035.2555282715
1,0,1,0,0,0,0,0,0,0,0,1,0,0,1,1,17918.1096332881
0,1,1,0,0,0,0,0,1,0,1,0,0,0,1,0,13222.9154311469
1,0,1,1,0,0,0,0,0,0,0,1,0,0,0,1,18169.5638098175
1,0,1,1,1,0,1,1,0,0,0,0,1,1,1,0,11635.0734648973
1,1,1,1,1,0,1,1,1,1,1,0,1,0,1,0,11827.1565800264
1,1,1,1,1,0,1,0,0,0,0,0,1,1,1,0,11909.0564089342
0,0,0,0,0,0,0,0,1,0,0,1,1,0,0,1,18059.1617110326
1,0,1,0,0,0,0,1,1,1,1,0,1,0,0,0,12946.235419316
0,0,1,0,0,0,1,0,1,0,0,1,0,1,1,1,14063.6643148372
1,1,1,1,1,0,1,0,1,1,1,0,1,1,1,0,11488.4326622318
1,0,1,1,1,0,1,1,0,1,0,0,1,1,1,1,13877.0659755281
0,0,1,1,0,0,0,0,0,0,0,1,0,0,1,1,17905.6514998709
1,0,0,1,0,0,0,0,0,0,0,1,0,0,1,1,18137.8145410574
1,1,1,0,1,0,1,1,0,0,0,0,1,1,1,0,11937.4701186399
1,0,1,1,1,1,1,0,1,1,1,0,0,1,1,0,12178.6636944188
1,0,1,0,1,0,0,0,0,0,0,1,0,0,0,1,17940.0083352315
1,0,1,0,1,0,1,1,0,1,0,1,1,1,1,1,14382.5120532519
0,0,1,0,0,0,1,1,1,0,0,1,0,1,0,1,14180.7131445116
0,0,1,1,1,0,1,1,0,1,0,1,1,1,1,1,14256.2524711449
1,0,0,1,1,0,1,1,0,1,0,1,1,1,1,1,14392.896644166
1,0,1,0,0,0,1,0,1,0,0,1,0,1,0,1,14410.0684703084
1,0,1,1,1,1,1,1,1,1,1,0,0,1,0,0,11593.6608169552
0,1,1,1,1,0,1,1,0,0,0,0,1,1,1,0,11900.9255835278
0,0,1,0,0,0,0,1,1,1,1,0,1,0,1,0,12406.5473070792
1,0,1,1,1,1,1,1,1,1,1,0,0,0,1,0,11627.3360225869
1,0,1,1,1,0,0,1,0,1,0,1,1,1,1,1,17008.4356003933
0,1,0,1,0,0,0,0,1,0,1,0,0,0,1,0,12408.8491584433
1,0,0,0,1,0,0,0,0,0,0,1,0,0,1,1,18497.4548018985
0,0,0,1,0,0,1,0,1,0,0,1,0,1,1,1,13898.6745733014
0,0,0,0,1,0,0,0,0,0,0,0,1,0,1,1,18433.4275168249
1,0,1,1,1,0,1,1,0,1,0,1,1,0,1,1,14049.3980596095
0,0,0,1,0,0,1,1,1,0,0,1,0,1,0,1,14026.9968798766
1,0,1,1,1,0,1,0,0,1,0,1,1,1,1,1,14285.0079687449
0,0,0,0,0,0,0,1,0,0,1,0,0,0,1,0,12394.1386303807
1,0,1,1,1,1,0,1,1,1,1,0,0,1,1,0,12777.9811020565
1,0,1,0,1,1,1,1,1,1,1,0,0,1,1,0,11170.081473097
1,1,1,1,1,0,1,1,1,1,1,0,1,1,0,0,11369.38831508
0,0,1,0,1,0,0,0,0,0,0,1,0,0,1,1,18311.4820359648
0,0,0,1,1,0,0,0,0,0,0,1,0,0,1,1,18032.8981780907
1,0,1,1,0,0,0,1,0,1,0,1,0,1,1,0,13109.9388447559
1,0,0,1,1,1,1,1,1,1,1,0,0,1,1,0,11940.5222660613
1,0,1,1,1,0,1,1,0,1,0,1,1,1,0,1,13928.5797206724
0,0,0,0,0,0,1,1,0,0,1,0,0,0,0,0,11814.480955561
0,0,1,0,0,0,0,0,0,0,1,0,0,0,1,0,12558.5105411121
1,0,1,1,1,1,1,1,0,1,1,0,1,1,1,0,11523.4109522072
1,0,1,1,0,0,1,0,0,1,0,1,0,1,1,0,11900.5519025339
1,0,0,1,1,0,0,0,0,0,0,1,0,0,0,1,18758.2652134248
0,0,1,1,0,0,1,0,1,0,0,1,0,1,0,1,13873.1222097043
1,0,1,1,0,1,1,1,1,1,1,0,1,1,1,0,11799.2952999255
1,0,1,0,0,0,1,0,1,1,0,1,0,1,1,0,11909.677854019
1,0,0,1,0,0,1,0,1,0,0,1,0,1,0,1,14529.5257572636
0,0,1,1,1,1,1,1,1,1,1,0,0,1,1,0,12124.946593367
0,1,0,0,1,0,0,0,1,0,1,0,0,0,1,0,12335.7792715795
1,0,1,0,0,1,0,1,0,0,1,0,0,0,1,0,12647.195938969
1,0,1,1,0,0,0,1,0,0,0,1,0,0,1,0,12694.859996893
1,1,0,1,1,0,1,1,0,0,0,0,1,1,1,0,11695.9206239539
0,0,1,1,0,0,0,0,1,1,1,0,1,0,1,0,12529.2371979673
1,0,1,1,0,1,0,1,0,0,0,0,0,0,1,0,12446.2362938204
1,0,0,1,0,0,1,0,1,1,0,1,0,1,1,0,11933.5685946569
1,0,1,1,1,1,1,1,1,1,1,0,0,1,1,0,11693.5214907194
0,0,1,0,0,0,0,1,0,0,0,0,0,0,1,0,12722.4634287061
1,0,1,1,1,1,1,0,0,0,0,0,1,1,1,0,11563.6347963254
1,0,1,0,0,1,0,1,0,0,0,1,0,0,1,0,12529.2490573828
0,0,1,1,1,0,0,0,0,0,0,1,0,0,0,1,18149.6659434611
1,0,1,0,1,1,1,0,1,1,1,0,1,1,1,0,11577.3720141885
0,0,1,1,0,0,1,0,1,1,0,1,0,1,1,0,11484.608163307
0,0,1,1,0,0,0,1,1,1,1,0,1,0,0,0,12025.4688672637
1,1,1,0,0,0,0,0,0,0,0,1,0,0,0,1,18585.9703504887
1,0,1,0,1,1,1,1,1,1,1,0,1,1,1,0,11969.3990380127
0,0,1,1,1,1,1,1,1,1,1,0,1,1,1,0,11553.3363817619
1,1,1,1,0,0,1,1,0,1,0,0,1,1,1,1,14328.6752314227
1,1,0,0,1,0,0,0,1,0,1,0,0,0,0,0,12536.522546256
1,0,0,1,0,0,0,0,1,1,1,0,1,0,1,0,12751.8681009775
1,0,0,1,0,0,0,1,1,1,1,0,1,0,0,0,12867.908138086
1,0,0,1,0,1,0,1,0,0,0,1,0,0,1,0,12637.327905308
0,1,1,0,0,0,0,0,0,0,0,1,0,0,1,1,17905.4953888619
1,0,0,1,1,1,1,0,1,1,1,0,1,1,1,0,11517.5962166714
1,0,1,1,0,0,0,0,1,1,1,0,1,0,0,0,12067.0184473662
1,0,1,1,1,1,0,1,1,1,1,0,1,1,1,0,12591.4641710385
0,1,1,0,1,0,0,0,1,0,1,0,0,0,0,0,12817.2958018928
1,0,1,0,0,0,0,1,0,1,1,1,0,0,1,0,13154.1108665881
0,0,1,1,0,1,0,1,0,0,0,1,0,0,1,0,12251.2465642421
1,1,1,0,1,0,1,1,0,1,0,0,1,1,1,1,13823.8007259984
1,1,1,1,1,1,1,1,0,1,1,0,0,1,1,0,12567.0640992323
0,1,0,1,1,0,0,0,1,0,1,0,0,0,0,0,12556.2526982941
0,0,1,1,1,1,1,0,1,1,1,0,1,1,1,0,11982.0545885813
1,0,0,0,0,0,0,1,0,0,0,0,0,0,1,0,13045.6024302217
0,1,0,0,0,0,0,1,1,0,1,0,0,0,1,0,12888.7013858988
1,0,1,1,1,1,1,0,1,1,1,0,1,0,1,0,11400.3444446122
1,0,1,0,1,1,1,1,0,0,0,0,1,1,1,0,12026.4206875671
1,0,1,1,0,1,0,0,0,0,0,1,0,0,1,0,12552.910455905
0,1,1,0,0,0,0,1,1,0,1,0,0,0,0,0,12617.2293601116
1,0,1,1,0,0,1,1,0,1,0,1,0,0,1,0,11720.0168278784
1,0,1,1,0,1,0,1,0,0,0,1,0,0,0,0,12664.6219571562
0,0,1,1,1,1,1,1,0,0,0,0,1,1,1,0,11806.9414755731
1,1,0,0,0,0,0,1,1,0,1,0,0,0,0,0,12300.6681732902
0,1,1,1,1,0,1,1,0,1,0,0,1,1,1,1,13979.0293831333
1,0,1,0,0,0,1,1,1,1,0,1,0,0,1,0,11946.7995281537
1,1,0,1,1,0,1,1,0,1,0,0,1,1,1,1,14326.6433937654
1,1,0,0,0,0,0,0,0,0,0,1,0,0,1,1,18251.4720652709
1,0,1,1,0,0,0,1,0,0,1,0,0,0,1,0,12669.4935186382
0,1,0,1,0,0,0,0,0,0,0,1,0,0,1,1,18201.0592688028
1,1,1,0,1,1,1,1,0,1,1,0,1,1,1,0,12345.8420893153
1,0,0,1,0,0,0,1,0,1,1,1,0,0,1,0,13089.3562902655
1,0,1,1,1,1,0,0,1,1,1,0,1,1,1,0,11909.3996695142
1,0,1,1,0,0,0,0,0,1,1,1,0,0,1,0,12578.9188104539
0,1,1,1,0,0,0,0,0,0,0,1,0,0,0,1,17710.5993171738
1,1,1,1,1,0,0,1,0,1,0,0,1,1,1,1,17067.1965233138
1,0,0,1,0,0,1,1,1,1,0,1,0,0,1,0,11589.7648760691
0,1,1,1,1,1,1,1,0,1,1,0,1,1,1,0,11874.7235849716
1,1,1,1,1,0,1,1,0,1,0,0,1,0,1,1,14786.8035906311
1,0,1,1,0,0,0,1,0,1,1,1,0,0,0,0,12479.3834664055
1,1,1,1,1,0,1,0,0,1,0,0,1,1,1,1,13712.3425267726
1,0,1,0,0,0,0,1,0,0,1,1,0,0,1,0,12153.2043105572
1,1,0,1,1,1,1,1,0,1,1,0,1,1,1,0,11354.6140781357
1,0,0,1,0,0,0,1,0,0,1,1,0,0,1,0,12101.633386516
0,0,1,0,0,0,0,1,0,0,1,0,0,0,0,0,12954.8084193103
0,0,1,1,0,0,0,1,0,1,1,1,0,0,1,0,12882.8250863929
1,1,1,1,1,1,1,1,0,1,0,0,1,1,1,0,11553.3324727191
0,0,1,1,0,0,1,1,1,1,0,1,0,0,1,0,11702.8886950073
0,1,0,1,0,0,0,1,1,0,1,0,0,0,0,0,12897.4848904883
1,0,1,1,1,1,1,0,1,1,1,0,1,1,0,0,9442.08424479654
1,0,1,1,0,0,1,1,1,1,0,1,0,0,0,0,11634.9614190217
1,0,0,1,1,1,1,1,0,0,0,0,1,1,1,0,11951.9721823823
1,0,0,0,0,0,0,1,0,0,1,0,0,0,0,0,12719.8720672216
0,0,1,1,0,0,0,1,0,0,1,1,0,0,1,0,12287.1629957276
1,1,1,1,1,0,1,1,0,1,0,0,1,1,0,1,14707.5786911312
0,1,0,0,1,0,0,0,0,0,0,1,0,0,1,1,18032.9120083468
0,1,0,0,1,0,0,1,1,0,1,0,0,0,0,0,12404.4509551929
1,0,1,0,1,1,1,1,1,1,1,0,1,0,1,0,11748.3764855963
1,0,1,1,0,0,1,1,0,1,0,1,0,1,0,0,11556.1634004762
1,1,1,1,1,1,0,1,0,1,1,0,1,1,1,0,12887.6906776081
1,1,0,0,1,0,0,0,0,0,0,1,0,0,0,1,18670.9805087164
0,1,1,0,1,0,1,1,0,1,0,1,1,1,1,1,14751.4057621562
1,1,1,1,1,1,1,0,0,0,0,0,1,1,0,0,12585.6484368625
1,0,1,1,0,0,0,0,0,0,1,1,0,0,1,0,12095.3597920002
1,0,0,1,1,1,1,1,1,1,1,0,1,0,1,0,11679.592329646
0,1,1,0,1,0,0,0,0,0,0,1,0,0,0,1,17620.54145345
0,0,1,1,1,1,1,1,1,1,1,0,1,0,1,0,11773.04396761
1,1,1,0,1,1,1,0,0,0,0,0,1,1,1,0,11437.1693866365
1,0,1,0,0,0,0,0,1,0,1,1,0,0,0,0,12421.9582568427
1,0,1,1,1,1,0,1,1,1,1,0,1,0,1,0,12612.6127569348
1,0,0,0,0,0,0,1,0,1,1,1,1,0,1,0,12162.3964727583
1,1,1,1,1,1,1,1,0,0,1,0,1,1,1,0,12163.8150688467
1,1,0,0,1,0,1,1,0,1,0,1,1,1,1,1,14182.432339776
1,0,0,0,0,0,0,0,1,0,1,1,0,0,1,0,12365.7605894626
1,0,1,1,0,0,0,1,0,0,1,1,0,0,0,0,12566.264971147
1,1,1,0,1,0,0,1,0,1,0,1,1,1,1,1,16634.3584318669
1,0,0,1,0,1,0,1,0,0,1,0,0,0,1,0,12084.5044294548
0,1,0,1,1,0,0,0,0,0,0,1,0,0,0,1,18302.1689143756
1,1,1,1,0,1,1,1,1,1,1,0,0,1,1,0,12093.5953348117
1,1,1,0,0,1,1,1,1,1,1,0,1,1,1,0,12189.398412129
1,1,1,0,1,0,1,1,0,1,0,1,1,0,1,1,14343.9449345368
1,1,0,1,1,1,1,0,0,0,0,0,1,1,1,0,11792.371606886
0,0,1,0,0,0,1,0,0,0,0,0,0,0,1,0,11338.6937467833
0,0,1,1,0,1,0,1,0,0,1,0,0,0,1,0,11523.4868285737
0,0,1,0,0,0,0,0,1,0,1,1,0,0,1,0,12384.9134446458
1,0,1,1,1,1,1,1,1,1,1,0,1,0,0,0,11712.6479998094
1,0,1,1,0,1,0,0,0,0,1,0,0,0,1,0,12144.7476782005
0,0,0,1,0,0,0,0,1,0,1,1,0,0,1,0,12168.4436180131
0,1,1,1,0,1,1,1,1,1,1,0,1,1,1,0,11400.4868292076
1,1,1,0,1,1,1,1,0,0,0,0,1,1,0,0,11394.7379091602
1,0,1,0,1,1,0,1,1,1,1,0,1,1,1,0,12143.7217047869
1,0,1,0,1,1,1,1,1,1,1,0,1,1,0,0,11377.7603052243
0,0,1,0,1,1,1,1,1,1,1,0,1,1,1,0,12004.08215552
0,0,0,0,1,0,0,0,1,0,1,1,0,0,1,0,12042.0038445417
1,0,1,0,0,0,1,1,0,1,0,1,0,1,1,0,11574.7615105779
1,0,0,0,0,0,1,0,0,0,0,0,0,0,1,0,11366.5949755861
1,1,0,0,1,1,1,1,0,0,0,0,1,1,1,0,11232.9962072193
0,0,1,0,1,0,0,0,1,0,1,1,0,0,0,0,12534.4535769799
1,0,1,1,0,1,0,1,0,0,1,0,0,0,0,0,11966.4495823612
0,0,0,1,1,0,0,0,1,0,1,1,0,0,0,0,11565.2019392613
1,1,0,1,0,1,1,1,1,1,1,0,1,1,1,0,12125.7559690408
0,1,1,0,1,1,1,1,0,0,0,0,1,1,1,0,11600.9305751726
0,0,0,0,0,0,0,1,1,0,1,1,0,0,1,0,12201.4941623846
1,0,1,0,0,0,0,0,0,1,0,1,0,0,0,1,18250.9641334723
1,0,0,0,0,1,0,1,0,0,1,1,0,0,1,0,12594.3636478336
1,1,1,0,1,0,1,0,0,1,0,1,1,1,1,1,14362.2227204195
0,0,1,0,0,0,1,0,0,0,1,0,0,0,0,0,11726.0235650897
1,0,0,0,1,1,1,1,1,1,1,0,1,1,1,0,12529.3142665974
0,0,1,0,0,1,0,1,0,0,1,1,0,0,1,0,12077.4927114051
0,0,1,0,0,0,0,1,1,0,1,1,0,0,0,0,12144.9241447522
1,0,1,0,0,0,0,0,0,1,1,1,1,0,1,0,11875.6895402166
1,1,1,1,0,1,0,1,1,1,1,0,1,1,1,0,12654.5124455375
1,0,0,0,0,0,0,1,1,0,1,1,0,0,0,0,12202.7192493402
0,0,0,1,1,1,1,1,1,1,1,0,1,1,1,0,12320.6977948966
1,0,1,0,0,1,0,0,0,0,1,1,0,0,1,0,11712.3409906721
0,1,1,1,1,1,1,1,0,0,0,0,1,1,0,0,12179.7632712333
1,0,1,0,0,1,0,1,0,0,1,1,0,0,0,0,12216.8686125012
1,0,0,1,0,0,1,1,0,1,0,1,0,1,1,0,11458.978122102
1,0,0,1,1,1,0,1,1,1,1,0,1,1,1,0,12197.794286974
1,1,0,1,1,1,1,1,0,0,0,0,1,1,0,0,11945.600500707
0,0,0,1,0,1,0,1,0,0,1,1,0,0,1,0,12006.9252319299
1,0,0,1,1,1,1,1,1,1,1,0,1,1,0,0,11628.6170040879
1,0,0,0,0,0,1,0,0,0,1,0,0,0,0,0,11505.4287883901
1,0,0,1,0,1,0,0,0,0,1,1,0,0,1,0,12275.7408261449
0,1,1,1,1,0,0,1,0,1,0,1,1,1,1,1,16993.9815879189
0,1,0,1,1,1,1,1,0,0,0,0,1,1,1,0,11708.6760410295
0,0,1,1,0,0,1,1,0,1,0,1,0,1,1,0,11786.8547176744
0,1,1,1,1,0,1,1,0,1,0,1,1,0,1,1,14162.4283845461
1,0,0,0,0,0,0,0,0,1,0,1,0,0,1,1,17809.0115712116
0,0,0,1,0,0,0,1,1,0,1,1,0,0,0,0,12029.3751144359
0,0,1,0,0,0,0,0,0,1,0,1,0,0,1,1,18159.7169039348
0,1,1,1,1,0,1,0,0,1,0,1,1,1,1,1,14118.8830025121
0,0,0,1,0,0,0,0,0,1,0,1,0,0,1,1,17716.6448725235
1,0,1,0,0,0,1,1,1,1,0,1,0,1,0,0,11833.6081927451
1,0,0,1,0,0,1,1,1,1,0,1,0,1,0,0,11776.8678727444
1,0,0,1,0,1,0,1,0,0,1,1,0,0,0,0,11989.9794805102
0,0,1,1,1,1,0,1,1,1,1,0,1,1,1,0,12631.9997593604
1,0,1,1,1,0,1,0,1,0,0,0,1,1,1,0,11499.381351913
0,0,0,0,1,0,0,1,1,0,1,1,0,0,0,0,11538.9452427564
0,0,1,1,0,0,1,1,1,1,0,1,0,1,0,0,11673.7499383237
1,0,1,0,1,0,1,1,1,0,0,0,1,1,1,0,11219.691302315
0,1,1,1,1,0,1,1,0,1,0,1,1,1,0,1,14236.5572237955
1,0,1,1,1,0,1,1,1,0,0,0,1,1,0,0,11493.0968758424
0,0,1,1,1,1,1,1,1,1,1,0,1,1,0,0,11606.6349150951
0,0,1,0,0,0,1,1,0,0,0,0,0,0,0,0,11024.6197686971
1,0,1,1,0,0,0,1,1,0,0,0,1,0,1,1,16796.3860089379
1,0,1,1,0,0,0,1,1,0,0,0,1,0,1,0,12424.7836595458
0,0,0,0,0,0,1,0,1,0,1,1,0,0,1,0,11680.4816373274
1,1,1,1,1,1,0,1,1,1,1,0,0,1,1,0,12670.5655598928
1,0,0,0,0,0,1,0,1,0,1,1,0,0,0,0,11470.2158156981
0,0,1,0,0,0,1,0,1,0,1,1,0,0,0,0,11478.1240622616
0,0,0,1,0,0,1,0,1,0,1,1,0,0,0,0,11509.2813623689
